{
"__comment": "Designed by Zorigami - www.planetminecraft.com/member/zorigami/",
"textures": {
    "texture": "items/bronze_sword"
},
"elements": [ 
{
    "__comment": "Blade",
    "from": [ 6.75, 5.5, 7.5 ],
    "to": [ 9.25, 18.5, 8.5 ],
    "faces": {
        "down":  { "uv": [ 0.501, 15.501, 2.999, 15.999 ], "texture": "#texture" },
        "up":    { "uv": [ 0.501, 3.001, 2.999, 3.499 ], "texture": "#texture" },
        "north": { "uv": [ 2.999, 3.001, 0.501, 15.999 ], "texture": "#texture" },
        "south": { "uv": [ 0.501, 3.001, 2.999, 15.999 ], "texture": "#texture" },
        "west":  { "uv": [ 0.501, 3.001, 0.999, 15.999 ], "texture": "#texture" },
        "east":  { "uv": [ 2.501, 3.001, 2.999, 15.999 ], "texture": "#texture" }
    }
},
{
    "__comment": "Blade",
    "from": [ 6.5, 6, 7.75 ],
    "to": [ 6.75, 18.5, 8.25 ],
    "faces": {
        "down":  { "uv": [ 0.001, 15.001, 0.499, 15.499 ], "texture": "#texture" },
        "up":    { "uv": [ 0.001, 3.001, 0.499, 3.499 ], "texture": "#texture" },
        "north": { "uv": [ 0.499, 3.001, 0.001, 15.499 ], "texture": "#texture" },
        "south": { "uv": [ 0.001, 3.001, 0.499, 15.499 ], "texture": "#texture" },
        "west":  { "uv": [ 0.001, 3.001, 0.499, 15.499 ], "texture": "#texture" },
        "east":  { "uv": [ 0.001, 3.001, 0.499, 15.499 ], "texture": "#texture" }
    }
},
{
    "__comment": "Blade",
    "from": [ 9.25, 6, 7.75 ],
    "to": [ 9.5, 18.5, 8.25 ],
    "faces": {
        "down":  { "uv": [ 3.001, 15.001, 3.499, 15.499 ], "texture": "#texture" },
        "up":    { "uv": [ 3.001, 3.001, 3.499, 3.499 ], "texture": "#texture" },
        "north": { "uv": [ 3.499, 3.001, 3.001, 15.499 ], "texture": "#texture" },
        "south": { "uv": [ 3.001, 3.001, 3.499, 15.499 ], "texture": "#texture" },
        "west":  { "uv": [ 0.001, 3.001, 0.499, 15.499 ], "texture": "#texture" },
        "east":  { "uv": [ 3.001, 3.001, 3.499, 15.499 ], "texture": "#texture" }
    }
},
{
    "__comment": "Blade",
    "from": [ 7.25, 6.5, 7.25 ],
    "to": [ 8.75, 18.5, 8.75 ],
    "faces": {
        "down":  { "uv": [ 1.001, 14.501, 2.499, 14.999 ], "texture": "#texture" },
        "up":    { "uv": [ 1.001, 3.001, 2.499, 3.499 ], "texture": "#texture" },
        "north": { "uv": [ 2.499, 3.001, 1.001, 14.999 ], "texture": "#texture" },
        "south": { "uv": [ 1.001, 3.001, 2.499, 14.999 ], "texture": "#texture" },
        "west":  { "uv": [ 1.001, 3.001, 1.499, 14.999 ], "texture": "#texture" },
        "east":  { "uv": [ 2.001, 3.001, 2.499, 14.999 ], "texture": "#texture" }
    }
},
{
    "__comment": "Blade",
    "from": [ 7, 18.5, 7.5 ],
    "to": [ 9, 23, 8.5 ],
    "faces": {
        "down":  { "uv": [ 3.751, 15.501, 5.749, 15.999 ], "texture": "#texture" },
        "up":    { "uv": [ 3.751, 11.501, 5.749, 11.999 ], "texture": "#texture" },
        "north": { "uv": [ 5.749, 11.501, 3.751, 15.999 ], "texture": "#texture" },
        "south": { "uv": [ 3.751, 11.501, 5.749, 15.999 ], "texture": "#texture" },
        "west":  { "uv": [ 3.501, 11.501, 3.999, 15.999 ], "texture": "#texture" },
        "east":  { "uv": [ 5.501, 11.501, 5.999, 15.999 ], "texture": "#texture" }
    }
},
{
    "__comment": "Blade",
    "from": [ 6.75, 18.5, 7.75 ],
    "to": [ 9.25, 23, 8.25 ],
    "faces": {
        "down":  { "uv": [ 3.751, 15.501, 5.749, 15.999 ], "texture": "#texture" },
        "up":    { "uv": [ 3.751, 11.501, 5.749, 11.999 ], "texture": "#texture" },
        "north": { "uv": [ 5.749, 11.501, 3.751, 15.999 ], "texture": "#texture" },
        "south": { "uv": [ 3.751, 11.501, 5.749, 15.999 ], "texture": "#texture" },
        "west":  { "uv": [ 3.501, 11.501, 3.999, 15.999 ], "texture": "#texture" },
        "east":  { "uv": [ 5.501, 11.501, 5.999, 15.999 ], "texture": "#texture" }
    }
},
{
    "__comment": "Blade",
    "from": [ 7.25, 18.5, 7.25 ],
    "to": [ 8.75, 21.5, 8.75 ],
    "faces": {
        "down":  { "uv": [ 4.001, 15.501, 5.499, 15.999 ], "texture": "#texture" },
        "up":    { "uv": [ 4.001, 13.001, 5.499, 13.499 ], "texture": "#texture" },
        "north": { "uv": [ 5.499, 13.001, 4.001, 15.999 ], "texture": "#texture" },
        "south": { "uv": [ 4.001, 13.001, 5.499, 15.999 ], "texture": "#texture" },
        "west":  { "uv": [ 4.001, 13.001, 4.499, 15.999 ], "texture": "#texture" },
        "east":  { "uv": [ 5.001, 13.001, 5.499, 15.999 ], "texture": "#texture" }
    }
},
{
    "__comment": "Blade",
    "from": [ 7.75, 21.5, 7.25 ],
    "to": [ 8.25, 22.5, 8.75 ],
    "faces": {
        "down":  { "uv": [ 4.501, 12.501, 4.999, 12.999 ], "texture": "#texture" },
        "up":    { "uv": [ 4.501, 12.001, 4.999, 12.499 ], "texture": "#texture" },
        "north": { "uv": [ 4.999, 12.001, 4.501, 12.999 ], "texture": "#texture" },
        "south": { "uv": [ 4.501, 12.001, 4.999, 12.999 ], "texture": "#texture" },
        "west":  { "uv": [ 4.501, 12.001, 4.999, 12.999 ], "texture": "#texture" },
        "east":  { "uv": [ 4.501, 12.001, 4.999, 12.999 ], "texture": "#texture" }
    }
},
{
    "__comment": "Blade",
    "from": [ 7.25, 23, 7.75 ],
    "to": [ 8.75, 24, 8.25 ],
    "faces": {
        "down":  { "uv": [ 4.001, 11.001, 5.499, 11.499 ], "texture": "#texture" },
        "up":    { "uv": [ 4.001, 10.501, 5.499, 10.999 ], "texture": "#texture" },
        "north": { "uv": [ 5.499, 10.501, 4.001, 11.499 ], "texture": "#texture" },
        "south": { "uv": [ 4.001, 10.501, 5.499, 11.499 ], "texture": "#texture" },
        "west":  { "uv": [ 4.001, 10.501, 4.499, 11.499 ], "texture": "#texture" },
        "east":  { "uv": [ 5.001, 10.501, 5.499, 11.499 ], "texture": "#texture" }
    }
},
{
    "__comment": "Blade",
    "from": [ 7.75, 24, 7.75 ],
    "to": [ 8.25, 24.5, 8.25 ],
    "faces": {
        "down":  { "uv": [ 4.501, 10.001, 4.999, 10.499 ], "texture": "#texture" },
        "up":    { "uv": [ 4.501, 10.001, 4.999, 10.499 ], "texture": "#texture" },
        "north": { "uv": [ 4.999, 10.001, 4.501, 10.499 ], "texture": "#texture" },
        "south": { "uv": [ 4.501, 10.001, 4.999, 10.499 ], "texture": "#texture" },
        "west":  { "uv": [ 4.501, 10.001, 4.999, 10.499 ], "texture": "#texture" },
        "east":  { "uv": [ 4.501, 10.001, 4.999, 10.499 ], "texture": "#texture" }
    }
},
{
    "__comment": "Blade",
    "from": [ 7.75, 23, 7.5 ],
    "to": [ 8.25, 24, 8.5 ],
    "faces": {
        "down":  { "uv": [ 4.501, 11.001, 4.999, 11.499 ], "texture": "#texture" },
        "up":    { "uv": [ 4.501, 10.501, 4.999, 10.999 ], "texture": "#texture" },
        "north": { "uv": [ 4.999, 10.501, 4.501, 11.499 ], "texture": "#texture" },
        "south": { "uv": [ 4.501, 10.501, 4.999, 11.499 ], "texture": "#texture" },
        "west":  { "uv": [ 4.501, 10.501, 4.999, 11.499 ], "texture": "#texture" },
        "east":  { "uv": [ 4.501, 10.501, 4.999, 11.499 ], "texture": "#texture" }
    }
},
{
    "from": [ 5.25, 4.5, 7.5 ],
    "to": [ 10.75, 5.5, 8.5 ],
    "faces": {
        "down":  { "uv": [ 6.501, 11.001, 11.999, 11.499 ], "texture": "#texture" },
        "up":    { "uv": [ 6.501, 10.501, 11.999, 10.999 ], "texture": "#texture" },
        "north": { "uv": [ 11.999, 10.501, 6.501, 11.499 ], "texture": "#texture" },
        "south": { "uv": [ 6.501, 10.501, 11.999, 11.499 ], "texture": "#texture" },
        "west":  { "uv": [ 6.501, 10.501, 6.999, 11.499 ], "texture": "#texture" },
        "east":  { "uv": [ 11.501, 10.501, 11.999, 11.499 ], "texture": "#texture" }
    }
},
{
    "from": [ 10.75, 4.5, 7.75 ],
    "to": [ 11.25, 5.5, 8.25 ],
    "faces": {
        "down":  { "uv": [ 12.001, 11.001, 12.499, 11.499 ], "texture": "#texture" },
        "up":    { "uv": [ 12.001, 10.501, 12.499, 10.999 ], "texture": "#texture" },
        "north": { "uv": [ 12.499, 10.501, 12.001, 11.499 ], "texture": "#texture" },
        "south": { "uv": [ 12.001, 10.501, 12.499, 11.499 ], "texture": "#texture" },
        "west":  { "uv": [ 12.001, 10.501, 12.499, 11.499 ], "texture": "#texture" },
        "east":  { "uv": [ 12.001, 10.501, 12.499, 11.499 ], "texture": "#texture" }
    }
},
{
    "from": [ 4.75, 4.5, 7.75 ],
    "to": [ 5.25, 5.5, 8.25 ],
    "faces": {
        "down":  { "uv": [ 6.001, 11.001, 6.499, 11.499 ], "texture": "#texture" },
        "up":    { "uv": [ 6.001, 10.501, 6.499, 10.999 ], "texture": "#texture" },
        "north": { "uv": [ 6.499, 10.501, 6.001, 11.499 ], "texture": "#texture" },
        "south": { "uv": [ 6.001, 10.501, 6.499, 11.499 ], "texture": "#texture" },
        "west":  { "uv": [ 6.001, 10.501, 6.499, 11.499 ], "texture": "#texture" },
        "east":  { "uv": [ 6.001, 10.501, 6.499, 11.499 ], "texture": "#texture" }
    }
},
{
    "from": [ 9.75, 4, 7.75 ],
    "to": [ 10.75, 4.5, 8.25 ],
    "faces": {
        "down":  { "uv": [ 11.001, 11.501, 11.999, 11.999 ], "texture": "#texture" },
        "up":    { "uv": [ 11.001, 11.501, 11.999, 11.999 ], "texture": "#texture" },
        "north": { "uv": [ 11.999, 11.501, 11.001, 11.999 ], "texture": "#texture" },
        "south": { "uv": [ 11.001, 11.501, 11.999, 11.999 ], "texture": "#texture" },
        "west":  { "uv": [ 11.001, 11.501, 11.499, 11.999 ], "texture": "#texture" },
        "east":  { "uv": [ 11.501, 11.501, 11.999, 11.999 ], "texture": "#texture" }
    }
},
{
    "from": [ 5.25, 4, 7.75 ],
    "to": [ 6.25, 4.5, 8.25 ],
    "faces": {
        "down":  { "uv": [ 6.501, 11.501, 7.499, 11.999 ], "texture": "#texture" },
        "up":    { "uv": [ 6.501, 11.501, 7.499, 11.999 ], "texture": "#texture" },
        "north": { "uv": [ 7.499, 11.501, 6.501, 11.999 ], "texture": "#texture" },
        "south": { "uv": [ 6.501, 11.501, 7.499, 11.999 ], "texture": "#texture" },
        "west":  { "uv": [ 6.501, 11.501, 6.999, 11.999 ], "texture": "#texture" },
        "east":  { "uv": [ 7.001, 11.501, 7.499, 11.999 ], "texture": "#texture" }
    }
},
{
    "from": [ 7.5, 0, 7.5 ],
    "to": [ 8.5, 4.5, 8.5 ],
    "faces": {
        "down":  { "uv": [ 8.751, 15.501, 9.749, 15.999 ], "texture": "#texture" },
        "up":    { "uv": [ 8.751, 11.501, 9.749, 11.999 ], "texture": "#texture" },
        "north": { "uv": [ 9.749, 11.501, 8.751, 15.999 ], "texture": "#texture" },
        "south": { "uv": [ 8.751, 11.501, 9.749, 15.999 ], "texture": "#texture" },
        "west":  { "uv": [ 8.501, 11.501, 8.999, 15.999 ], "texture": "#texture" },
        "east":  { "uv": [ 9.501, 11.501, 9.999, 15.999 ], "texture": "#texture" }
    }
},
{
    "from": [ 7.25, 0.25, 7.75 ],
    "to": [ 8.75, 4.5, 8.25 ],
    "faces": {
        "down":  { "uv": [ 8.501, 15.501, 9.999, 15.999 ], "texture": "#texture" },
        "up":    { "uv": [ 8.501, 11.501, 9.999, 11.999 ], "texture": "#texture" },
        "north": { "uv": [ 9.999, 11.501, 8.501, 15.749 ], "texture": "#texture" },
        "south": { "uv": [ 8.501, 11.501, 9.999, 15.749 ], "texture": "#texture" },
        "west":  { "uv": [ 8.501, 11.501, 8.999, 15.749 ], "texture": "#texture" },
        "east":  { "uv": [ 9.501, 11.501, 9.999, 15.749 ], "texture": "#texture" }
    }
}
],
"display": {
    "thirdperson_righthand": {
        "rotation": [ 0, -90, 0 ],
        "translation": [ 0, 3.21, 1.51 ],
        "scale": [ 1, 1, 1 ]
    },
    "thirdperson_lefthand": {
        "rotation": [ 0, 90, 0 ],
        "translation": [ 0, 3.21, 1.51 ],
        "scale": [ 1, 1, 1 ]
    },
    "ground": {
        "rotation": [ 90, 0, 0 ],
        "translation": [ 0, -2.27, 0.57 ],
        "scale": [ 0.55, 0.55, 0.55 ]
    },
    "fixed": {
        "rotation": [ 0, 0, -45 ],
        "translation": [ -2.2, -2.7, 0 ],
        "scale": [ 0.9, 0.9, 0.9 ]
    },
    "firstperson_righthand": {
        "rotation": [ 0, -90, 0 ],
        "translation": [ 0, 3.5, 0 ],
        "scale": [ 0.5, 0.5, 0.5 ]
    },
    "firstperson_lefthand": {
        "rotation": [ 0, 90, 0 ],
        "translation": [ 0, 3.5, 0 ],
        "scale": [ 0.5, 0.5, 0.5 ]
    },
    "gui": {
        "rotation": [ 0, 0, 45 ],
        "translation": [ 2.46, -2.4, 0 ],
        "scale": [ 0.8, 0.8, 0.8 ]
    }
}
}