{
	"parent": "item/handheld",
	"textures": {
		"layer0": "item/diamond_sword"
	},
	"overrides": [
		{ "predicate": {"damaged": 0, "damage": 0}, "model": "item/default_diamond_sword"},
		{ "predicate": {"damaged": 0, "damage": 0.0006402048655569782}, "model": "item/excalibur"},
		{ "predicate": {"damaged": 0, "damage": 0.0012804097311139564}, "model": "item/hammer"},
		{ "predicate": {"damaged": 0, "damage": 0.0019206145966709346}, "model": "item/bat"},
		{ "predicate": {"damaged": 0, "damage": 0.002560819462227913}, "model": "item/kendo"},
		{ "predicate": {"damaged": 0, "damage": 0.003201024327784891}, "model": "item/muramasa"},
		{ "predicate": {"damaged": 0, "damage": 0.0038412291933418692}, "model": "item/platinum_scimitar"},
		{ "predicate": {"damaged": 0, "damage": 0.004481434058898847}, "model": "item/bronze_sword"},
		{ "predicate": {"damaged": 0, "damage": 0.005121638924455826}, "model": "item/steel_short_sword"},
		{ "predicate": {"damaged": 0, "damage": 0.005761843790012804}, "model": "item/steel_long_sword"},
		{ "predicate": {"damaged": 0, "damage": 0.006402048655569782}, "model": "item/steel_rapier"},
		{ "predicate": {"damaged": 1, "damage": 0}, "model": "item/default_diamond_sword"}
	]
}
