{
"__comment": "Model generated using MrCrayfish's Model Creator (http://mrcrayfish.com/modelcreator/)",
"textures": {
    "0": "blocks/planks_oak",
    "1": "blocks/gold_block"
},
"elements": [ 
{
    "from": [ 7.6, 3, 8.5 ],
    "to": [ 8.4, 8, 9.5 ],
    "faces": {
        "down":  { "uv": [ 0, 0, 3.8, 2 ], "texture": "#0" },
        "up":    { "uv": [ 0, 0, 0.80000001192092896, 1 ], "texture": "#0" },
        "north": { "uv": [ 0, 0, 4, 16 ], "texture": "#0" },
        "south": { "uv": [ 0, 0, 2.7999999523162842, 16 ], "texture": "#0" },
        "west":  { "uv": [ 0, 0, 3, 16 ], "texture": "#0" },
        "east":  { "uv": [ 0, 0, 3, 16 ], "texture": "#0" }
    }
},
{
    "from": [ 7.5, 8, 6 ],
    "to": [ 8.5, 9, 12 ],
    "faces": {
        "down":  { "uv": [ 0, 0, 1, 6 ], "texture": "#1" },
        "up":    { "uv": [ 0, 0, 1, 6 ], "texture": "#1" },
        "north": { "uv": [ 0, 0, 1, 1 ], "texture": "#1" },
        "south": { "uv": [ 0, 0, 1, 1 ], "texture": "#1" },
        "west":  { "uv": [ 0, 0, 6, 1 ], "texture": "#1" },
        "east":  { "uv": [ 0, 0, 6, 1 ], "texture": "#1" }
    }
},
{
    "from": [ 7.8, 10, 8 ],
    "to": [ 8.2, 24.2, 10 ],
    "faces": {
        "down":  { "uv": [ 0, 0, 0.4, 2 ], "texture": "#1" },
        "up":    { "uv": [ 0, 0, 0.40000000596046448, 2 ], "texture": "#1" },
        "north": { "uv": [ 0, 0, 0.40000000596046448, 14.199999809265137 ], "texture": "#1" },
        "south": { "uv": [ 0, 0, 0.40000000596046448, 14.199999809265137 ], "texture": "#1" },
        "west":  { "uv": [ 1, 1, 3, 15.199999809265137 ], "texture": "#1" },
        "east":  { "uv": [ 1, 1, 3, 14.199999809265137 ], "texture": "#1" }
    }
},
{
    "from": [ 7.6, 10, 8.6 ],
    "to": [ 8.4, 23.5, 9.4 ],
    "faces": {
        "down":  { "uv": [ 0, 0, -6.4, 2.6 ], "texture": "#1" },
        "up":    { "uv": [ 0, 0, 0.60000002384185791, 0.60000002384185791 ], "texture": "#1" },
        "north": { "uv": [ 0, 0, 0.60000002384185791, 14 ], "texture": "#1" },
        "south": { "uv": [ 0, 0, 0.60000002384185791, 14 ], "texture": "#1" },
        "west":  { "uv": [ 0, 1, 0.60000002384185791, 15 ], "texture": "#1" },
        "east":  { "uv": [ 0, 0, 0.60000002384185791, 14 ], "texture": "#1" }
    }
},
{
    "from": [ 7.6, 9, 7.8 ],
    "to": [ 8.4, 10, 10.2 ],
    "faces": {
        "down":  { "uv": [ 0, 0, 0.6, 2.4 ], "texture": "#1" },
        "up":    { "uv": [ 0, 0, 0.60000002384185791, 2.4000000953674316 ], "texture": "#1" },
        "north": { "uv": [ 0, 0, 0.60000002384185791, 2 ], "texture": "#1" },
        "south": { "uv": [ 0, 0, 0.60000002384185791, 2 ], "texture": "#1" },
        "west":  { "uv": [ 0, 0, 2.4000000953674316, 2 ], "texture": "#1" },
        "east":  { "uv": [ 0, 0, 2.4000000953674316, 2 ], "texture": "#1" }
    }
},
{
    "from": [ 7.8, 23.5, 8.5 ],
    "to": [ 8.2, 25, 10 ],
    "faces": {
        "down":  { "uv": [ 0, 0, 0.4, 1.5 ], "texture": "#1" },
        "up":    { "uv": [ 0, 0, 0.40000000596046448, 1.5 ], "texture": "#1" },
        "north": { "uv": [ 0, 0, 0.40000000596046448, 1.5 ], "texture": "#1" },
        "south": { "uv": [ 0, 0, 0.40000000596046448, 1.5 ], "texture": "#1" },
        "west":  { "uv": [ 1, 1, 2.5, 2.5 ], "texture": "#1" },
        "east":  { "uv": [ 1, 1, 2.5, 2.5 ], "texture": "#1" }
    }
},
{
    "from": [ 7.4, 7.9, 5.6 ],
    "to": [ 8.6, 9.1, 6 ],
    "faces": {
        "down":  { "uv": [ 0, 0, 1.2, 0.4 ], "texture": "#1" },
        "up":    { "uv": [ 0, 0, 1.2000000476837158, 0.40000000596046448 ], "texture": "#1" },
        "north": { "uv": [ 0, 0, 1.2000000476837158, 1.2000000476837158 ], "texture": "#1" },
        "south": { "uv": [ 0, 0, 1.2000000476837158, 1.2000000476837158 ], "texture": "#1" },
        "west":  { "uv": [ 0, 0, 0.40000000596046448, 1.2000000476837158 ], "texture": "#1" },
        "east":  { "uv": [ 0, 0, 0.40000000596046448, 1.2000000476837158 ], "texture": "#1" }
    }
},
{
    "from": [ 7.4, 7.9, 12 ],
    "to": [ 8.6, 9.1, 12.4 ],
    "faces": {
        "down":  { "uv": [ 0, 0, 1.2, 0.4 ], "texture": "#1" },
        "up":    { "uv": [ 0, 0, 1.2000000476837158, 0.40000000596046448 ], "texture": "#1" },
        "north": { "uv": [ 0, 0, 1.2000000476837158, 1.2000000476837158 ], "texture": "#1" },
        "south": { "uv": [ 0, 0, 1.2000000476837158, 1.2000000476837158 ], "texture": "#1" },
        "west":  { "uv": [ 0, 0, 0.40000000596046448, 1.2000000476837158 ], "texture": "#1" },
        "east":  { "uv": [ 0, 0, 0.40000000596046448, 1.2000000476837158 ], "texture": "#1" }
    }
},
{
    "from": [ 7.7, 10, 8.2 ],
    "to": [ 8.3, 24.2, 9.8 ],
    "faces": {
        "down":  { "uv": [ 0, 0, 4.4, 2 ], "texture": "#1" },
        "up":    { "uv": [ 0, 0, 0.40000000596046448, 2 ], "texture": "#1" },
        "north": { "uv": [ 0, 0, 0.40000000596046448, 14.199999809265137 ], "texture": "#1" },
        "south": { "uv": [ 0, 0, 0.40000000596046448, 14.199999809265137 ], "texture": "#1" },
        "west":  { "uv": [ 13, 2, 15, 15.199999809265137 ], "texture": "#1" },
        "east":  { "uv": [ 13, 2, 15, 15.199999809265137 ], "texture": "#1" }
    }
},
{
    "from": [ 7.7, 23.7, 8.6 ],
    "to": [ 8.3, 24.9, 9.8 ],
    "faces": {
        "down":  { "uv": [ 0, 0, 0.4, 1.5 ], "texture": "#1" },
        "up":    { "uv": [ 0, 0, 0.40000000596046448, 1.5 ], "texture": "#1" },
        "north": { "uv": [ 0, 0, 0.40000000596046448, 1.5 ], "texture": "#1" },
        "south": { "uv": [ 0, 0, 0.40000000596046448, 1.5 ], "texture": "#1" },
        "west":  { "uv": [ 1, 1, 2.5, 2.5 ], "texture": "#1" },
        "east":  { "uv": [ 1, 1, 2.5, 2.5 ], "texture": "#1" }
    }
}
],
"display": {
    "thirdperson_righthand": {
        "rotation": [ 0, 0, 0 ],
        "translation": [ 0, 2.08, 0 ],
        "scale": [ 1, 1, 1 ]
    },
    "thirdperson_lefthand": {
        "rotation": [ 0, 0, 0 ],
        "translation": [ 0, 2.08, 0 ],
        "scale": [ 1, 1, 1 ]
    },
    "firstperson_righthand": {
        "rotation": [ -21, 3, 1 ],
        "translation": [ 1, 0.6, -1.5 ],
        "scale": [ 1, 1.5, 1 ]
    },
    "firstperson_lefthand": {
        "rotation": [ -10, 3, 1 ],
        "translation": [ 0, 3.02, 0 ],
        "scale": [ 1, 1.3, 1 ]
    },
    "gui": {
        "rotation": [ -40, -37, -52 ],
        "translation": [ -3.02, -4.35, 0 ],
        "scale": [ 1, 1, 1 ]
    }
}
}