{
"__comment": "Model generated using MrCrayfish's Model Creator (http://mrcrayfish.com/modelcreator/)",
"textures": {
    "0": "blocks/planks_oak",
    "1": "blocks/stone"
},
"elements": [ 
{
    "from": [ 7, 0, 7 ],
    "to": [ 9, 10, 9 ],
    "faces": {
        "down":  { "uv": [ 0, 0, 2, 2 ], "texture": "#0" },
        "up":    { "uv": [ 0, 0, 2, 15 ], "texture": "#0" },
        "north": { "uv": [ 3, 0, 5, 16 ], "texture": "#0" },
        "south": { "uv": [ 2, 0, 4, 16 ], "texture": "#0" },
        "west":  { "uv": [ 10, 0, 12, 16 ], "texture": "#0" },
        "east":  { "uv": [ 7, 0, 9, 16 ], "texture": "#0" }
    }
},
{
    "from": [ 7, 14, 7 ],
    "to": [ 9, 15, 9 ],
    "faces": {
        "down":  { "uv": [ 0, 0, 2, 2 ], "texture": "#0" },
        "up":    { "uv": [ 0, 0, 2, 2 ], "texture": "#0" },
        "north": { "uv": [ 0, 0, 2, 1 ], "texture": "#0" },
        "south": { "uv": [ 0, 0, 2, 1 ], "texture": "#0" },
        "west":  { "uv": [ 0, 0, 2, 1 ], "texture": "#0" },
        "east":  { "uv": [ 0, 0, 2, 1 ], "texture": "#0" }
    }
},
{
    "from": [ 6, 10, 4 ],
    "to": [ 10, 14, 12 ],
    "faces": {
        "down":  { "uv": [ 0, 0, 4, 8 ], "texture": "#1" },
        "up":    { "uv": [ 0, 0, 4, 8 ], "texture": "#1" },
        "north": { "uv": [ 0, 0, 4, 4 ], "texture": "#1" },
        "south": { "uv": [ 0, 0, 4, 4 ], "texture": "#1" },
        "west":  { "uv": [ 0, 0, 8, 4 ], "texture": "#1" },
        "east":  { "uv": [ 0, 0, 8, 4 ], "texture": "#1" }
    }
},
{
    "from": [ 5, 9, 3 ],
    "to": [ 11, 15, 4 ],
    "faces": {
        "down":  { "uv": [ 0, 0, 6, 1 ], "texture": "#1" },
        "up":    { "uv": [ 0, 0, 6, 1 ], "texture": "#1" },
        "north": { "uv": [ 0, 0, 6, 6 ], "texture": "#1" },
        "south": { "uv": [ 0, 0, 6, 6 ], "texture": "#1" },
        "west":  { "uv": [ 0, 0, 1, 6 ], "texture": "#1" },
        "east":  { "uv": [ 0, 0, 1, 6 ], "texture": "#1" }
    }
},
{
    "from": [ 7, 11, 12 ],
    "to": [ 9, 13, 13 ],
    "faces": {
        "down":  { "uv": [ 0, 0, 2, 1 ], "texture": "#1" },
        "up":    { "uv": [ 0, 0, 2, 1 ], "texture": "#1" },
        "north": { "uv": [ 0, 0, 2, 2 ], "texture": "#1" },
        "south": { "uv": [ 0, 0, 2, 2 ], "texture": "#1" },
        "west":  { "uv": [ 0, 0, 1, 2 ], "texture": "#1" },
        "east":  { "uv": [ 0, 0, 1, 2 ], "texture": "#1" }
    }
}
],
"display": {
    "thirdperson_righthand": {
        "rotation": [ 0, 0, 0 ],
        "translation": [ 0, 2.08, 0 ],
        "scale": [ 1, 1, 1 ]
    },
    "thirdperson_lefthand": {
        "rotation": [ 0, 0, 0 ],
        "translation": [ 0, 2.08, 0 ],
        "scale": [ 1, 1, 1 ]
    },
    "firstperson_righthand": {
        "rotation": [ -10, 3, 1 ],
        "translation": [ 0, 3.02, 0 ],
        "scale": [ 1, 1.3, 1 ]
    },
    "firstperson_lefthand": {
        "rotation": [ -10, 3, 1 ],
        "translation": [ 0, 3.02, 0 ],
        "scale": [ 1, 1.3, 1 ]
    },
    "gui": {
        "rotation": [ -55, -43, -52 ],
        "translation": [ -1.32, -0.38, 0 ],
        "scale": [ 1, 1, 1 ]
    }
}
}