{
"__comment": "Designed by Zorigami - www.planetminecraft.com/member/zorigami/",
"textures": {
    "texture": "items/shinai"
},
"elements": [ 
{
    "__comment": "Blade",
    "from": [ 7.5, 12.5, 7.5 ],
    "to": [ 8.5, 21, 8.5 ],
    "faces": {
        "down":  { "uv": [ 3.001, 15.501, 3.999, 15.999 ], "texture": "#texture" },
        "up":    { "uv": [ 3.001, 7.001, 3.999, 7.499 ], "texture": "#texture" },
        "north": { "uv": [ 4.001, 7.001, 4.999, 15.999 ], "texture": "#texture" },
        "south": { "uv": [ 3.001, 7.001, 3.999, 15.999 ], "texture": "#texture" },
        "west":  { "uv": [ 2.501, 7.001, 3.499, 15.999 ], "texture": "#texture" },
        "east":  { "uv": [ 3.501, 7.001, 4.499, 15.999 ], "texture": "#texture" }
    }
},
{
    "__comment": "Binding",
    "from": [ 7.5, 21, 7.5 ],
    "to": [ 8.5, 22.5, 8.5 ],
    "faces": {
        "down":  { "uv": [ 2.501, 2.001, 3.499, 2.499 ], "texture": "#texture" },
        "up":    { "uv": [ 2.501, 1.001, 3.499, 1.499 ], "texture": "#texture" },
        "north": { "uv": [ 3.499, 1.001, 2.501, 2.499 ], "texture": "#texture" },
        "south": { "uv": [ 2.501, 1.001, 3.499, 2.499 ], "texture": "#texture" },
        "west":  { "uv": [ 2.501, 1.001, 2.999, 2.499 ], "texture": "#texture" },
        "east":  { "uv": [ 3.001, 1.001, 3.499, 2.499 ], "texture": "#texture" }
    }
},
{
    "__comment": "Blade",
    "from": [ 7.5, -2.5, 7.25 ],
    "to": [ 8.5, 11, 8.75 ],
    "faces": {
        "down":  { "uv": [ 6.499, 15.999, 5.501, 15.501 ], "texture": "#texture" },
        "up":    { "uv": [ 5.501, 2.501, 6.499, 2.999 ], "texture": "#texture" },
        "north": { "uv": [ 6.499, 2.501, 5.501, 15.999 ], "texture": "#texture" },
        "south": { "uv": [ 5.501, 2.501, 6.499, 15.999 ], "texture": "#texture" },
        "west":  { "uv": [ 5.001, 2.501, 5.999, 15.999 ], "texture": "#texture" },
        "east":  { "uv": [ 6.001, 2.501, 6.999, 15.999 ], "texture": "#texture" }
    }
},
{
    "__comment": "Blade",
    "from": [ 7.25, -2.5, 7.5 ],
    "to": [ 8.75, 11, 8.5 ],
    "faces": {
        "down":  { "uv": [ 6.499, 15.999, 5.501, 15.501 ], "texture": "#texture" },
        "up":    { "uv": [ 5.501, 2.501, 6.499, 2.999 ], "texture": "#texture" },
        "north": { "uv": [ 6.999, 2.501, 6.001, 15.999 ], "texture": "#texture" },
        "south": { "uv": [ 5.001, 2.501, 5.999, 15.999 ], "texture": "#texture" },
        "west":  { "uv": [ 5.501, 2.501, 6.499, 15.999 ], "texture": "#texture" },
        "east":  { "uv": [ 6.499, 2.501, 5.501, 15.999 ], "texture": "#texture" }
    }
},
{
    "__comment": "Blade",
    "from": [ 7.25, -1, 7 ],
    "to": [ 8.75, 3, 9 ],
    "faces": {
        "down":  { "uv": [ 8.999, 15.999, 7.001, 15.501 ], "texture": "#texture" },
        "up":    { "uv": [ 7.001, 12.001, 8.999, 12.499 ], "texture": "#texture" },
        "north": { "uv": [ 8.749, 12.001, 7.251, 15.999 ], "texture": "#texture" },
        "south": { "uv": [ 7.251, 12.001, 8.749, 15.999 ], "texture": "#texture" },
        "west":  { "uv": [ 7.001, 12.001, 8.999, 15.999 ], "texture": "#texture" },
        "east":  { "uv": [ 7.001, 12.001, 8.999, 15.999 ], "texture": "#texture" }
    }
},
{
    "__comment": "Blade",
    "from": [ 7, -1, 7.25 ],
    "to": [ 9, 3, 8.75 ],
    "faces": {
        "down":  { "uv": [ 8.999, 15.999, 7.001, 15.501 ], "texture": "#texture" },
        "up":    { "uv": [ 7.001, 12.001, 8.999, 12.499 ], "texture": "#texture" },
        "north": { "uv": [ 7.001, 12.001, 8.999, 15.999 ], "texture": "#texture" },
        "south": { "uv": [ 7.001, 12.001, 8.999, 15.999 ], "texture": "#texture" },
        "west":  { "uv": [ 8.749, 12.001, 7.251, 15.999 ], "texture": "#texture" },
        "east":  { "uv": [ 7.251, 12.001, 8.749, 15.999 ], "texture": "#texture" }
    }
},
{
    "__comment": "Blade",
    "from": [ 7.5, -3.5, 7.5 ],
    "to": [ 8.5, 12.5, 8.5 ],
    "faces": {
        "down":  { "uv": [ 1.499, 15.999, 0.501, 15.501 ], "texture": "#texture" },
        "up":    { "uv": [ 0.501, 0.001, 1.499, 0.499 ], "texture": "#texture" },
        "north": { "uv": [ 1.501, 0.001, 2.499, 15.999 ], "texture": "#texture" },
        "south": { "uv": [ 0.501, 0.001, 1.499, 15.999 ], "texture": "#texture" },
        "west":  { "uv": [ 0.001, 0.001, 0.999, 15.999 ], "texture": "#texture" },
        "east":  { "uv": [ 1.001, 0.001, 1.999, 15.999 ], "texture": "#texture" }
    }
},
{
    "__comment": "Binding",
    "from": [ 7.25, 8, 7 ],
    "to": [ 8.75, 9, 9 ],
    "faces": {
        "down":  { "uv": [ 4.999, 0.999, 3.501, 0.501 ], "texture": "#texture" },
        "up":    { "uv": [ 3.501, 0.001, 4.999, 0.499 ], "texture": "#texture" },
        "north": { "uv": [ 4.999, 0.001, 3.501, 0.999 ], "texture": "#texture" },
        "south": { "uv": [ 3.501, 0.001, 4.999, 0.999 ], "texture": "#texture" },
        "west":  { "uv": [ 3.501, 0.001, 3.999, 0.999 ], "texture": "#texture" },
        "east":  { "uv": [ 4.501, 0.001, 4.999, 0.999 ], "texture": "#texture" }
    }
},
{
    "__comment": "Binding",
    "from": [ 7, 8, 7.25 ],
    "to": [ 9, 9, 8.75 ],
    "faces": {
        "down":  { "uv": [ 4.999, 0.999, 3.501, 0.501 ], "texture": "#texture" },
        "up":    { "uv": [ 3.501, 0.001, 4.999, 0.499 ], "texture": "#texture" },
        "north": { "uv": [ 4.999, 0.001, 3.501, 0.999 ], "texture": "#texture" },
        "south": { "uv": [ 3.501, 0.001, 4.999, 0.999 ], "texture": "#texture" },
        "west":  { "uv": [ 2.501, 0.001, 3.999, 0.999 ], "texture": "#texture" },
        "east":  { "uv": [ 4.501, 0.001, 5.999, 0.999 ], "texture": "#texture" }
    }
},
{
    "__comment": "Guard",
    "from": [ 7.25, -4, 6.75 ],
    "to": [ 8.75, -3.5, 9.25 ],
    "faces": {
        "down":  { "uv": [ 6.751, 0.001, 8.249, 0.499 ], "texture": "#texture" },
        "up":    { "uv": [ 6.751, 0.001, 8.249, 0.499 ], "texture": "#texture" },
        "north": { "uv": [ 8.249, 0.001, 6.751, 0.499 ], "texture": "#texture" },
        "south": { "uv": [ 6.751, 0.001, 8.249, 0.499 ], "texture": "#texture" },
        "west":  { "uv": [ 6.501, 0.001, 6.999, 0.499 ], "texture": "#texture" },
        "east":  { "uv": [ 8.001, 0.001, 8.499, 0.499 ], "texture": "#texture" }
    }
},
{
    "__comment": "Guard",
    "from": [ 7, -4, 7 ],
    "to": [ 9, -3.5, 9 ],
    "faces": {
        "down":  { "uv": [ 6.501, 0.001, 8.499, 0.499 ], "texture": "#texture" },
        "up":    { "uv": [ 6.501, 0.001, 8.499, 0.499 ], "texture": "#texture" },
        "north": { "uv": [ 8.499, 0.001, 6.501, 0.499 ], "texture": "#texture" },
        "south": { "uv": [ 6.501, 0.001, 8.499, 0.499 ], "texture": "#texture" },
        "west":  { "uv": [ 6.501, 0.001, 6.999, 0.499 ], "texture": "#texture" },
        "east":  { "uv": [ 8.001, 0.001, 8.499, 0.499 ], "texture": "#texture" }
    }
},
{
    "__comment": "Guard",
    "from": [ 6.75, -4, 7.25 ],
    "to": [ 9.25, -3.5, 8.75 ],
    "faces": {
        "down":  { "uv": [ 6.251, 0.001, 8.749, 0.499 ], "texture": "#texture" },
        "up":    { "uv": [ 6.251, 0.001, 8.749, 0.499 ], "texture": "#texture" },
        "north": { "uv": [ 8.749, 0.001, 6.251, 0.499 ], "texture": "#texture" },
        "south": { "uv": [ 6.251, 0.001, 8.749, 0.499 ], "texture": "#texture" },
        "west":  { "uv": [ 6.001, 0.001, 6.499, 0.499 ], "texture": "#texture" },
        "east":  { "uv": [ 8.501, 0.001, 8.999, 0.499 ], "texture": "#texture" }
    }
},
{
    "__comment": "Binding*",
    "from": [ 7.5, -11, 7.5 ],
    "to": [ 8.5, -4, 8.5 ],
    "faces": {
        "down":  { "uv": [ 9.001, 6.501, 9.999, 6.999 ], "texture": "#texture" },
        "up":    { "uv": [ 9.001, 0.001, 9.999, 0.499 ], "texture": "#texture" },
        "north": { "uv": [ 9.999, 0.001, 9.001, 6.999 ], "texture": "#texture" },
        "south": { "uv": [ 9.001, 0.001, 9.999, 6.999 ], "texture": "#texture" },
        "west":  { "uv": [ 9.001, 0.001, 9.499, 6.999 ], "texture": "#texture" },
        "east":  { "uv": [ 9.501, 0.001, 9.999, 6.999 ], "texture": "#texture" }
    }
}
],
"display": {
    "thirdperson_righthand": {
        "rotation": [ 0, 0, 0 ],
        "translation": [ 0, 12.09, 1.51 ],
        "scale": [ 1, 1, 1 ]
    },
    "thirdperson_lefthand": {
        "rotation": [ 0, 0, 0 ],
        "translation": [ 0, 12.09, 1.51 ],
        "scale": [ 1, 1, 1 ]
    },
    "ground": {
        "rotation": [ 0, 0, -90 ],
        "translation": [ 0, 1.13, 0 ],
        "scale": [ 0.5, 0.5, 0.5 ]
    },
    "fixed": {
        "rotation": [ -90, -45, -90 ],
        "translation": [ 1.32, 1.32, 0 ],
        "scale": [ 0.7, 0.7, 0.7 ]
    },
    "firstperson_righthand": {
        "rotation": [ 0, 0, 0 ],
        "translation": [ 0, 7.37, 0 ],
        "scale": [ 0.45, 0.45, 0.45 ]
    },
    "firstperson_lefthand": {
        "rotation": [ 0, 0, 0 ],
        "translation": [ 0, 7.37, 0 ],
        "scale": [ 0.45, 0.45, 0.45 ]
    },
    "gui": {
        "rotation": [ 90, -45, 90 ],
        "translation": [ -1, 1, 0 ],
        "scale": [ 0.65, 0.65, 0.65 ]
    }
}
}