{
"__comment": "Designed by Kowagatte with BDcraft Cubik PRO 0.96 Beta - http://bdcraft.net",
"textures": {
    "Texture": "blocks/quartz_block_lines",
    "bed_feet_top": "blocks/bed_feet_top"
},
"elements": [ 
{
    "from": [ 7.875, -0.875, 7.875 ],
    "to": [ 9.125, 0, 9.125 ],
    "faces": {
        "down":  { "uv": [ 8, 9, 7, 8 ], "texture": "#bed_feet_top" },
        "up":    { "uv": [ 8, 8, 9, 9 ], "texture": "#bed_feet_top" },
        "north": { "uv": [ 7, 15, 8, 16 ], "texture": "#bed_feet_top" },
        "south": { "uv": [ 8, 15, 9, 16 ], "texture": "#bed_feet_top" },
        "west":  { "uv": [ 8, 15, 9, 16 ], "texture": "#bed_feet_top" },
        "east":  { "uv": [ 7, 15, 8, 16 ], "texture": "#bed_feet_top" }
    }
},
{
    "from": [ 8, 0, 8 ],
    "to": [ 9, 5, 9 ],
    "faces": {
        "north": { "uv": [ 7, 11, 8, 16 ], "texture": "#bed_feet_top" },
        "south": { "uv": [ 8, 11, 9, 16 ], "texture": "#bed_feet_top" },
        "west":  { "uv": [ 8, 11, 9, 16 ], "texture": "#bed_feet_top" },
        "east":  { "uv": [ 7, 11, 8, 16 ], "texture": "#bed_feet_top" }
    }
},
{
    "from": [ 7.5, 5, 7 ],
    "to": [ 9.5, 5.375, 10 ],
    "faces": {
        "down":  { "uv": [ 8.5, 10, 6.5, 7 ], "texture": "#bed_feet_top" },
        "up":    { "uv": [ 7.5, 7, 9.5, 10 ], "texture": "#bed_feet_top" },
        "north": { "uv": [ 6.5, 10.625, 8.5, 11 ], "texture": "#bed_feet_top" },
        "south": { "uv": [ 7.5, 10.625, 9.5, 11 ], "texture": "#bed_feet_top" },
        "west":  { "uv": [ 7, 10.625, 10, 11 ], "texture": "#bed_feet_top" },
        "east":  { "uv": [ 6, 10.625, 9, 11 ], "texture": "#bed_feet_top" }
    }
},
{
    "from": [ 7, 5, 7.5 ],
    "to": [ 10, 5.375, 9.5 ],
    "faces": {
        "down":  { "uv": [ 9, 9.5, 6, 7.5 ], "texture": "#bed_feet_top" },
        "up":    { "uv": [ 7, 7.5, 10, 9.5 ], "texture": "#bed_feet_top" },
        "north": { "uv": [ 6, 10.625, 9, 11 ], "texture": "#bed_feet_top" },
        "south": { "uv": [ 7, 10.625, 10, 11 ], "texture": "#bed_feet_top" },
        "west":  { "uv": [ 7.5, 10.625, 9.5, 11 ], "texture": "#bed_feet_top" },
        "east":  { "uv": [ 6.5, 10.625, 8.5, 11 ], "texture": "#bed_feet_top" }
    }
},
{
    "from": [ 8, 5.375, 8.3125 ],
    "to": [ 9, 9, 8.6875 ],
    "faces": {
        "up":    { "uv": [ 8.75, 8.5, 9.75, 8.875 ], "texture": "#Texture" },
        "north": { "uv": [ 9, 0, 10.875, 16 ], "texture": "#Texture" },
        "south": { "uv": [ 9.25, 0, 11.125, 16 ], "texture": "#Texture" },
        "west":  { "uv": [ 9.125, 0, 10, 16 ], "texture": "#Texture" },
        "east":  { "uv": [ 8.875, 0, 10.125, 15.375 ], "texture": "#Texture" }
    }
},
{
    "from": [ 8.125, 9, 8.3125 ],
    "to": [ 9.125, 12.625, 8.6875 ],
    "faces": {
        "down":  { "uv": [ 8.75, 8.25, 9.75, 8.625 ], "texture": "#Texture" },
        "up":    { "uv": [ 8.75, 8.5, 9.75, 8.875 ], "texture": "#Texture" },
        "north": { "uv": [ 9, 0, 10.875, 16 ], "texture": "#Texture" },
        "south": { "uv": [ 9.25, 0, 11.125, 16 ], "texture": "#Texture" },
        "west":  { "uv": [ 9.125, 0, 10, 16 ], "texture": "#Texture" },
        "east":  { "uv": [ 8.875, 0, 10.125, 15.375 ], "texture": "#Texture" }
    }
},
{
    "from": [ 8.25, 12.625, 8.3125 ],
    "to": [ 9.25, 16.25, 8.6875 ],
    "faces": {
        "down":  { "uv": [ 8.75, 8.25, 9.75, 8.625 ], "texture": "#Texture" },
        "up":    { "uv": [ 8.75, 8.5, 9.75, 8.875 ], "texture": "#Texture" },
        "north": { "uv": [ 9, 0, 10.875, 16 ], "texture": "#Texture" },
        "south": { "uv": [ 9.25, 0, 11.125, 16 ], "texture": "#Texture" },
        "west":  { "uv": [ 9.125, 0, 10, 16 ], "texture": "#Texture" },
        "east":  { "uv": [ 8.875, 0, 10.125, 15.375 ], "texture": "#Texture" }
    }
},
{
    "from": [ 8.375, 16.25, 8.3125 ],
    "to": [ 9.375, 19.875, 8.6875 ],
    "faces": {
        "down":  { "uv": [ 8.75, 8.25, 9.75, 8.625 ], "texture": "#Texture" },
        "up":    { "uv": [ 8.75, 8.5, 9.75, 8.875 ], "texture": "#Texture" },
        "north": { "uv": [ 9, 0, 10.875, 16 ], "texture": "#Texture" },
        "south": { "uv": [ 9.25, 0, 11.125, 16 ], "texture": "#Texture" },
        "west":  { "uv": [ 9.125, 0, 10, 16 ], "texture": "#Texture" },
        "east":  { "uv": [ 8.875, 0, 10.125, 15.375 ], "texture": "#Texture" }
    }
},
{
    "from": [ 8.25, 19.875, 8.3125 ],
    "to": [ 9.25, 22.5, 8.6875 ],
    "faces": {
        "down":  { "uv": [ 8.75, 8.25, 9.75, 8.625 ], "texture": "#Texture" },
        "up":    { "uv": [ 8.75, 8.5, 9.75, 8.875 ], "texture": "#Texture" },
        "north": { "uv": [ 9, 0, 10.875, 16 ], "texture": "#Texture" },
        "south": { "uv": [ 9.25, 0, 11.125, 16 ], "texture": "#Texture" },
        "west":  { "uv": [ 9.125, 0, 10, 16 ], "texture": "#Texture" },
        "east":  { "uv": [ 8.875, 0, 10.125, 15.375 ], "texture": "#Texture" }
    }
},
{
    "from": [ 8.125, 22.5, 8.3125 ],
    "to": [ 9.125, 25.125, 8.6875 ],
    "faces": {
        "down":  { "uv": [ 8.75, 8.25, 9.75, 8.625 ], "texture": "#Texture" },
        "up":    { "uv": [ 8.75, 8.5, 9.75, 8.875 ], "texture": "#Texture" },
        "north": { "uv": [ 9, 0, 10.875, 16 ], "texture": "#Texture" },
        "south": { "uv": [ 9.25, 0, 11.125, 16 ], "texture": "#Texture" },
        "west":  { "uv": [ 9.125, 0, 10, 16 ], "texture": "#Texture" },
        "east":  { "uv": [ 8.875, 0, 10.125, 15.375 ], "texture": "#Texture" }
    }
},
{
    "from": [ 8, 25.125, 8.3125 ],
    "to": [ 9, 27.75, 8.6875 ],
    "faces": {
        "down":  { "uv": [ 8.75, 8.25, 9.75, 8.625 ], "texture": "#Texture" },
        "up":    { "uv": [ 8.75, 8.5, 9.75, 8.875 ], "texture": "#Texture" },
        "north": { "uv": [ 9, 0, 10.875, 16 ], "texture": "#Texture" },
        "south": { "uv": [ 9.25, 0, 11.125, 16 ], "texture": "#Texture" },
        "west":  { "uv": [ 9.125, 0, 10, 16 ], "texture": "#Texture" },
        "east":  { "uv": [ 8.875, 0, 10.125, 15.375 ], "texture": "#Texture" }
    }
},
{
    "from": [ 7.875, 5.375, 8.125 ],
    "to": [ 9.25, 6.25, 8.875 ],
    "faces": {
        "down":  { "uv": [ 8.125, 8.875, 6.75, 8.125 ], "texture": "#bed_feet_top" },
        "up":    { "uv": [ 7.875, 8.125, 9.25, 8.875 ], "texture": "#bed_feet_top" },
        "north": { "uv": [ 6.75, 9.75, 8.125, 10.625 ], "texture": "#bed_feet_top" },
        "south": { "uv": [ 7.875, 9.75, 9.25, 10.625 ], "texture": "#bed_feet_top" },
        "west":  { "uv": [ 8.125, 9.75, 8.875, 10.625 ], "texture": "#bed_feet_top" },
        "east":  { "uv": [ 7.125, 9.75, 7.875, 10.625 ], "texture": "#bed_feet_top" }
    }
}
],
"display": {
    "thirdperson_righthand": {
        "rotation": [ -45, 90, 45 ],
        "translation": [ -0.38, 3.21, 2.08 ],
        "scale": [ 1.51, 1, 1 ]
    },
    "thirdperson_lefthand": {
        "rotation": [ -44, -90, -45 ],
        "translation": [ 0.57, 3.4, 2.08 ],
        "scale": [ 1, 1, 1 ]
    },
    "head": {
        "rotation": [ 0, 0, 153 ],
        "translation": [ 6.43, -9.45, 3.02 ],
        "scale": [ 1, 1, 1 ]
    },
    "firstperson_righthand": {
        "rotation": [ 34, 90, -27 ],
        "translation": [ -1.89, 4.91, 1.12 ],
        "scale": [ 1.5, 1, 1 ]
    },
    "firstperson_lefthand": {
        "rotation": [ 34, 90, -27 ],
        "translation": [ -4.91, 5.29, 1.12 ],
        "scale": [ 1.5, 1, 1 ]
    },
    "gui": {
        "rotation": [ 0, 0, -45 ],
        "translation": [ -3.21, -2.46, -0.19 ],
        "scale": [ 0.8, 0.7, 0.5 ]
    }
}
}