{
"__comment": "Designed by Zorigami - www.planetminecraft.com/member/zorigami/",
"textures": {
    "texture": "items/rapier_texture",
    "gold": "items/gold"
},
"elements": [ 
{
    "__comment": "Blade",
    "from": [ 8, 3.5, 7.5 ],
    "to": [ 8.5, 19, 8 ],
    "faces": {
        "down":  { "uv": [ 0.001, 15.501, 0.499, 15.999 ], "texture": "#texture" },
        "up":    { "uv": [ 0.001, 0.501, 0.499, 0.999 ], "texture": "#texture" },
        "north": { "uv": [ 0.499, 0.501, 0.001, 15.999 ], "texture": "#texture" },
        "south": { "uv": [ 0.001, 0.501, 0.499, 15.999 ], "texture": "#texture" },
        "west":  { "uv": [ 0.001, 0.501, 0.499, 15.999 ], "texture": "#texture" },
        "east":  { "uv": [ 0.001, 0.501, 0.499, 15.999 ], "texture": "#texture" }
    }
},
{
    "__comment": "Blade",
    "from": [ 8, 19, 7.5 ],
    "to": [ 8.5, 30, 8 ],
    "faces": {
        "down":  { "uv": [ 0.501, 15.501, 0.999, 15.999 ], "texture": "#texture" },
        "up":    { "uv": [ 0.501, 5.001, 0.999, 5.499 ], "texture": "#texture" },
        "north": { "uv": [ 0.999, 5.001, 0.501, 15.999 ], "texture": "#texture" },
        "south": { "uv": [ 0.501, 5.001, 0.999, 15.999 ], "texture": "#texture" },
        "west":  { "uv": [ 0.501, 5.001, 0.999, 15.999 ], "texture": "#texture" },
        "east":  { "uv": [ 0.501, 5.001, 0.999, 15.999 ], "texture": "#texture" }
    }
},
{
    "__comment": "Blade",
    "from": [ 7.875, 3, 7.625 ],
    "to": [ 8.625, 19, 7.875 ],
    "faces": {
        "down":  { "uv": [ 0.001, 15.501, 0.499, 15.999 ], "texture": "#texture" },
        "up":    { "uv": [ 0.001, 0.001, 0.499, 0.499 ], "texture": "#texture" },
        "north": { "uv": [ 0.499, 0.001, 0.001, 15.999 ], "texture": "#texture" },
        "south": { "uv": [ 0.001, 0.001, 0.499, 15.999 ], "texture": "#texture" },
        "west":  { "uv": [ 0.001, 0.001, 0.499, 15.999 ], "texture": "#texture" },
        "east":  { "uv": [ 0.001, 0.001, 0.499, 15.999 ], "texture": "#texture" }
    }
},
{
    "__comment": "Blade",
    "from": [ 8.125, 30, 7.625 ],
    "to": [ 8.375, 31, 7.875 ],
    "faces": {
        "down":  { "uv": [ 0.501, 4.501, 0.999, 4.999 ], "texture": "#texture" },
        "up":    { "uv": [ 0.501, 4.001, 0.999, 4.499 ], "texture": "#texture" },
        "north": { "uv": [ 0.999, 4.001, 0.501, 4.999 ], "texture": "#texture" },
        "south": { "uv": [ 0.501, 4.001, 0.999, 4.999 ], "texture": "#texture" },
        "west":  { "uv": [ 0.501, 4.001, 0.999, 4.999 ], "texture": "#texture" },
        "east":  { "uv": [ 0.501, 4.001, 0.999, 4.999 ], "texture": "#texture" }
    }
},
{
    "__comment": "Hilt1",
    "from": [ 5.25, 2.5, 7.5 ],
    "to": [ 11.25, 3, 8 ],
    "faces": {
        "down":  { "uv": [ 0.501, 0.001, 6.499, 0.499 ], "texture": "#texture" },
        "up":    { "uv": [ 0.501, 0.001, 6.499, 0.499 ], "texture": "#texture" },
        "north": { "uv": [ 6.499, 0.001, 0.501, 0.499 ], "texture": "#texture" },
        "south": { "uv": [ 0.501, 0.001, 6.499, 0.499 ], "texture": "#texture" },
        "west":  { "uv": [ 0.501, 0.001, 0.999, 0.499 ], "texture": "#texture" },
        "east":  { "uv": [ 6.001, 0.001, 6.499, 0.499 ], "texture": "#texture" }
    }
},
{
    "__comment": "Hilt1",
    "from": [ 4.75, 2.25, 7.5 ],
    "to": [ 5.25, 3.25, 8 ],
    "faces": {
        "down":  { "uv": [ 0.001, 0.001, 0.499, 0.499 ], "texture": "#texture" },
        "up":    { "uv": [ 0.001, 0.001, 0.499, 0.499 ], "texture": "#texture" },
        "north": { "uv": [ 0.499, 0.001, 0.001, 0.499 ], "texture": "#texture" },
        "south": { "uv": [ 0.001, 0.001, 0.499, 0.499 ], "texture": "#texture" },
        "west":  { "uv": [ 0.001, 0.001, 0.499, 0.499 ], "texture": "#texture" },
        "east":  { "uv": [ 0.001, 0.001, 0.499, 0.499 ], "texture": "#texture" }
    }
},
{
    "__comment": "Hilt1",
    "from": [ 11.25, 2.25, 7.5 ],
    "to": [ 11.75, 3.25, 8 ],
    "faces": {
        "down":  { "uv": [ 6.501, 0.001, 6.999, 0.499 ], "texture": "#texture" },
        "up":    { "uv": [ 6.501, 0.001, 6.999, 0.499 ], "texture": "#texture" },
        "north": { "uv": [ 6.999, 0.001, 6.501, 0.499 ], "texture": "#texture" },
        "south": { "uv": [ 6.501, 0.001, 6.999, 0.499 ], "texture": "#texture" },
        "west":  { "uv": [ 6.501, 0.001, 6.999, 0.499 ], "texture": "#texture" },
        "east":  { "uv": [ 6.501, 0.001, 6.999, 0.499 ], "texture": "#texture" }
    }
},
{
    "__comment": "Blade",
    "from": [ 7.875, 19, 7.625 ],
    "to": [ 8.625, 24.5, 7.875 ],
    "faces": {
        "down":  { "uv": [ 0.501, 15.001, 0.999, 15.499 ], "texture": "#texture" },
        "up":    { "uv": [ 0.501, 10.001, 0.999, 10.499 ], "texture": "#texture" },
        "north": { "uv": [ 0.999, 10.001, 0.501, 15.499 ], "texture": "#texture" },
        "south": { "uv": [ 0.501, 10.001, 0.999, 15.499 ], "texture": "#texture" },
        "west":  { "uv": [ 0.501, 10.001, 0.999, 15.499 ], "texture": "#texture" },
        "east":  { "uv": [ 0.501, 10.001, 0.999, 15.499 ], "texture": "#texture" }
    }
},
{
    "__comment": "Blade",
    "from": [ 8, 3, 7.5 ],
    "to": [ 8.5, 3.5, 8 ],
    "faces": {
        "down":  { "uv": [ 0.001, 15.501, 0.499, 15.999 ], "texture": "#texture" },
        "up":    { "uv": [ 0.001, 15.501, 0.499, 15.999 ], "texture": "#texture" },
        "north": { "uv": [ 0.499, 15.501, 0.001, 15.999 ], "texture": "#texture" },
        "south": { "uv": [ 0.001, 15.501, 0.499, 15.999 ], "texture": "#texture" },
        "west":  { "uv": [ 0.001, 15.501, 0.499, 15.999 ], "texture": "#texture" },
        "east":  { "uv": [ 0.001, 15.501, 0.499, 15.999 ], "texture": "#texture" }
    }
},
{
    "__comment": "Handle",
    "from": [ 7.75, -2, 7.5 ],
    "to": [ 8.75, 2.5, 8 ],
    "faces": {
        "down":  { "uv": [ 1.001, 15.501, 1.999, 15.999 ], "texture": "#texture" },
        "up":    { "uv": [ 1.001, 11.501, 1.999, 11.999 ], "texture": "#texture" },
        "north": { "uv": [ 1.999, 11.501, 1.001, 15.999 ], "texture": "#texture" },
        "south": { "uv": [ 1.001, 11.501, 1.999, 15.999 ], "texture": "#texture" },
        "west":  { "uv": [ 1.001, 11.501, 1.499, 15.999 ], "texture": "#texture" },
        "east":  { "uv": [ 1.501, 11.501, 1.999, 15.999 ], "texture": "#texture" }
    }
},
{
    "__comment": "Handle",
    "from": [ 8, -1.75, 7.25 ],
    "to": [ 8.5, 2.25, 8.25 ],
    "faces": {
        "down":  { "uv": [ 1.001, 15.501, 1.999, 15.999 ], "texture": "#texture" },
        "up":    { "uv": [ 1.001, 11.501, 1.999, 11.999 ], "texture": "#texture" },
        "north": { "uv": [ 1.999, 11.751, 1.001, 15.749 ], "texture": "#texture" },
        "south": { "uv": [ 1.001, 11.751, 1.999, 15.749 ], "texture": "#texture" },
        "west":  { "uv": [ 1.001, 11.751, 1.499, 15.749 ], "texture": "#texture" },
        "east":  { "uv": [ 1.501, 11.751, 1.999, 15.749 ], "texture": "#texture" }
    }
},
{
    "__comment": "Pommel",
    "from": [ 7.75, -2.75, 7.5 ],
    "to": [ 8.75, -2, 8 ],
    "faces": {
        "down":  { "uv": [ 0.501, 1.001, 1.499, 1.499 ], "texture": "#texture" },
        "up":    { "uv": [ 0.501, 0.501, 1.499, 0.999 ], "texture": "#texture" },
        "north": { "uv": [ 1.499, 0.501, 0.501, 1.249 ], "texture": "#texture" },
        "south": { "uv": [ 0.501, 0.501, 1.499, 1.249 ], "texture": "#texture" },
        "west":  { "uv": [ 0.501, 0.501, 0.999, 1.249 ], "texture": "#texture" },
        "east":  { "uv": [ 1.001, 0.501, 1.499, 1.249 ], "texture": "#texture" }
    }
},
{
    "__comment": "Pommel",
    "from": [ 8, -3, 7.5 ],
    "to": [ 8.5, -2.75, 8 ],
    "faces": {
        "down":  { "uv": [ 0.751, 1.001, 1.249, 1.499 ], "texture": "#texture" },
        "up":    { "uv": [ 0.751, 1.001, 1.249, 1.499 ], "texture": "#texture" },
        "north": { "uv": [ 1.249, 1.001, 0.751, 1.499 ], "texture": "#texture" },
        "south": { "uv": [ 0.751, 1.001, 1.249, 1.499 ], "texture": "#texture" },
        "west":  { "uv": [ 0.501, 1.001, 0.999, 1.499 ], "texture": "#texture" },
        "east":  { "uv": [ 1.001, 1.001, 1.499, 1.499 ], "texture": "#texture" }
    }
},
{
    "__comment": "Pommel",
    "from": [ 8, -2.75, 7.25 ],
    "to": [ 8.5, -2, 8.25 ],
    "faces": {
        "down":  { "uv": [ 0.751, 1.001, 1.249, 1.499 ], "texture": "#texture" },
        "up":    { "uv": [ 0.751, 0.501, 1.249, 0.999 ], "texture": "#texture" },
        "north": { "uv": [ 1.249, 0.501, 0.751, 1.249 ], "texture": "#texture" },
        "south": { "uv": [ 0.751, 0.501, 1.249, 1.249 ], "texture": "#texture" },
        "west":  { "uv": [ 0.751, 0.501, 1.249, 1.249 ], "texture": "#texture" },
        "east":  { "uv": [ 0.501, 0.501, 0.999, 1.249 ], "texture": "#texture" }
    }
},
{
    "__comment": "Guard",
    "from": [ 8.75, -2, 7.5 ],
    "to": [ 9.5, -1.5, 8 ],
    "faces": {
        "down":  { "uv": [ 7.249, 7.999, 6.501, 7.501 ], "texture": "#gold" },
        "up":    { "uv": [ 8.751, 7.501, 9.499, 7.999 ], "texture": "#gold" },
        "north": { "uv": [ 6.501, 15.999, 7.249, 16.001 ], "texture": "#gold" },
        "south": { "uv": [ 8.751, 15.999, 9.499, 16.001 ], "texture": "#gold" },
        "west":  { "uv": [ 7.501, 15.999, 7.999, 16.001 ], "texture": "#gold" },
        "east":  { "uv": [ 8.001, 15.999, 8.499, 16.001 ], "texture": "#gold" }
    }
},
{
    "__comment": "Guard",
    "from": [ 9.5, -1.75, 7.5 ],
    "to": [ 10.25, -1.25, 8 ],
    "faces": {
        "down":  { "uv": [ 6.499, 7.999, 5.751, 7.501 ], "texture": "#gold" },
        "up":    { "uv": [ 9.501, 7.501, 10.249, 7.999 ], "texture": "#gold" },
        "north": { "uv": [ 5.751, 15.999, 6.499, 16.001 ], "texture": "#gold" },
        "south": { "uv": [ 9.501, 15.999, 10.249, 16.001 ], "texture": "#gold" },
        "west":  { "uv": [ 7.501, 15.999, 7.999, 16.001 ], "texture": "#gold" },
        "east":  { "uv": [ 8.001, 15.999, 8.499, 16.001 ], "texture": "#gold" }
    }
},
{
    "__comment": "Guard",
    "from": [ 9.75, -1.25, 7.375 ],
    "to": [ 10.5, -0.75, 8.125 ],
    "faces": {
        "down":  { "uv": [ 6.249, 8.124, 5.501, 7.376 ], "texture": "#gold" },
        "up":    { "uv": [ 9.751, 7.376, 10.499, 8.124 ], "texture": "#gold" },
        "north": { "uv": [ 5.501, 15.999, 6.249, 16.001 ], "texture": "#gold" },
        "south": { "uv": [ 9.751, 15.999, 10.499, 16.001 ], "texture": "#gold" },
        "west":  { "uv": [ 7.376, 15.999, 8.124, 16.001 ], "texture": "#gold" },
        "east":  { "uv": [ 7.876, 15.999, 8.624, 16.001 ], "texture": "#gold" }
    }
},
{
    "__comment": "Guard",
    "from": [ 10.125, -0.75, 7.25 ],
    "to": [ 10.625, -0.25, 7.625 ],
    "faces": {
        "down":  { "uv": [ 5.874, 7.624, 5.376, 7.251 ], "texture": "#gold" },
        "up":    { "uv": [ 10.126, 7.251, 10.624, 7.624 ], "texture": "#gold" },
        "north": { "uv": [ 5.376, 15.999, 5.874, 16.001 ], "texture": "#gold" },
        "south": { "uv": [ 10.126, 15.999, 10.624, 16.001 ], "texture": "#gold" },
        "west":  { "uv": [ 7.251, 15.999, 7.624, 16.001 ], "texture": "#gold" },
        "east":  { "uv": [ 8.376, 15.999, 8.749, 16.001 ], "texture": "#gold" }
    }
},
{
    "__comment": "Guard",
    "from": [ 10.125, -0.75, 7.875 ],
    "to": [ 10.625, -0.25, 8.25 ],
    "faces": {
        "down":  { "uv": [ 5.874, 8.249, 5.376, 7.876 ], "texture": "#gold" },
        "up":    { "uv": [ 10.126, 7.876, 10.624, 8.249 ], "texture": "#gold" },
        "north": { "uv": [ 5.376, 15.999, 5.874, 16.001 ], "texture": "#gold" },
        "south": { "uv": [ 10.126, 15.999, 10.624, 16.001 ], "texture": "#gold" },
        "west":  { "uv": [ 7.876, 15.999, 8.249, 16.001 ], "texture": "#gold" },
        "east":  { "uv": [ 7.751, 15.999, 8.124, 16.001 ], "texture": "#gold" }
    }
},
{
    "__comment": "Guard",
    "from": [ 10.375, -0.375, 6.875 ],
    "to": [ 10.875, 0.125, 7.375 ],
    "faces": {
        "down":  { "uv": [ 5.624, 7.374, 5.126, 6.876 ], "texture": "#gold" },
        "up":    { "uv": [ 10.376, 6.876, 10.874, 7.374 ], "texture": "#gold" },
        "north": { "uv": [ 5.126, 15.876, 5.624, 15.999 ], "texture": "#gold" },
        "south": { "uv": [ 10.376, 15.876, 10.874, 15.999 ], "texture": "#gold" },
        "west":  { "uv": [ 6.876, 15.876, 7.374, 15.999 ], "texture": "#gold" },
        "east":  { "uv": [ 8.626, 15.876, 9.124, 15.999 ], "texture": "#gold" }
    }
},
{
    "__comment": "Guard",
    "from": [ 10.375, -0.375, 8.125 ],
    "to": [ 10.875, 0.125, 8.5 ],
    "faces": {
        "down":  { "uv": [ 5.624, 8.499, 5.126, 8.126 ], "texture": "#gold" },
        "up":    { "uv": [ 10.376, 8.126, 10.874, 8.499 ], "texture": "#gold" },
        "north": { "uv": [ 5.126, 15.876, 5.624, 15.999 ], "texture": "#gold" },
        "south": { "uv": [ 10.376, 15.876, 10.874, 15.999 ], "texture": "#gold" },
        "west":  { "uv": [ 8.126, 15.876, 8.499, 15.999 ], "texture": "#gold" },
        "east":  { "uv": [ 7.501, 15.876, 7.874, 15.999 ], "texture": "#gold" }
    }
},
{
    "__comment": "Guard",
    "from": [ 10.5, 0, 6.75 ],
    "to": [ 11, 0.75, 7.125 ],
    "faces": {
        "down":  { "uv": [ 5.499, 7.124, 5.001, 6.751 ], "texture": "#gold" },
        "up":    { "uv": [ 10.501, 6.751, 10.999, 7.124 ], "texture": "#gold" },
        "north": { "uv": [ 5.001, 15.251, 5.499, 15.999 ], "texture": "#gold" },
        "south": { "uv": [ 10.501, 15.251, 10.999, 15.999 ], "texture": "#gold" },
        "west":  { "uv": [ 6.751, 15.251, 7.124, 15.999 ], "texture": "#gold" },
        "east":  { "uv": [ 8.876, 15.251, 9.249, 15.999 ], "texture": "#gold" }
    }
},
{
    "__comment": "Guard",
    "from": [ 10.5, 0, 8.375 ],
    "to": [ 11, 0.75, 8.75 ],
    "faces": {
        "down":  { "uv": [ 5.499, 8.749, 5.001, 8.376 ], "texture": "#gold" },
        "up":    { "uv": [ 10.501, 8.376, 10.999, 8.749 ], "texture": "#gold" },
        "north": { "uv": [ 5.001, 15.251, 5.499, 15.999 ], "texture": "#gold" },
        "south": { "uv": [ 10.501, 15.251, 10.999, 15.999 ], "texture": "#gold" },
        "west":  { "uv": [ 8.376, 15.251, 8.749, 15.999 ], "texture": "#gold" },
        "east":  { "uv": [ 7.251, 15.251, 7.624, 15.999 ], "texture": "#gold" }
    }
},
{
    "__comment": "Guard",
    "from": [ 10.375, 0.625, 6.625 ],
    "to": [ 10.875, 1.375, 7 ],
    "faces": {
        "down":  { "uv": [ 5.624, 6.999, 5.126, 6.626 ], "texture": "#gold" },
        "up":    { "uv": [ 10.376, 6.626, 10.874, 6.999 ], "texture": "#gold" },
        "north": { "uv": [ 5.126, 14.626, 5.624, 15.374 ], "texture": "#gold" },
        "south": { "uv": [ 10.376, 14.626, 10.874, 15.374 ], "texture": "#gold" },
        "west":  { "uv": [ 6.626, 14.626, 6.999, 15.374 ], "texture": "#gold" },
        "east":  { "uv": [ 9.001, 14.626, 9.374, 15.374 ], "texture": "#gold" }
    }
},
{
    "__comment": "Guard",
    "from": [ 10.375, 0.625, 8.5 ],
    "to": [ 10.875, 1.375, 8.875 ],
    "faces": {
        "down":  { "uv": [ 5.624, 8.874, 5.126, 8.501 ], "texture": "#gold" },
        "up":    { "uv": [ 10.376, 8.501, 10.874, 8.874 ], "texture": "#gold" },
        "north": { "uv": [ 5.126, 14.626, 5.624, 15.374 ], "texture": "#gold" },
        "south": { "uv": [ 10.376, 14.626, 10.874, 15.374 ], "texture": "#gold" },
        "west":  { "uv": [ 8.501, 14.626, 8.874, 15.374 ], "texture": "#gold" },
        "east":  { "uv": [ 7.126, 14.626, 7.499, 15.374 ], "texture": "#gold" }
    }
},
{
    "__comment": "Guard",
    "from": [ 10.125, 1.25, 6.5 ],
    "to": [ 10.625, 2, 6.875 ],
    "faces": {
        "down":  { "uv": [ 5.874, 6.874, 5.376, 6.501 ], "texture": "#gold" },
        "up":    { "uv": [ 10.126, 6.501, 10.624, 6.874 ], "texture": "#gold" },
        "north": { "uv": [ 5.376, 14.001, 5.874, 14.749 ], "texture": "#gold" },
        "south": { "uv": [ 10.126, 14.001, 10.624, 14.749 ], "texture": "#gold" },
        "west":  { "uv": [ 6.501, 14.001, 6.874, 14.749 ], "texture": "#gold" },
        "east":  { "uv": [ 9.126, 14.001, 9.499, 14.749 ], "texture": "#gold" }
    }
},
{
    "__comment": "Guard",
    "from": [ 10.125, 1.25, 8.625 ],
    "to": [ 10.625, 2, 9 ],
    "faces": {
        "down":  { "uv": [ 5.874, 8.999, 5.376, 8.626 ], "texture": "#gold" },
        "up":    { "uv": [ 10.126, 8.626, 10.624, 8.999 ], "texture": "#gold" },
        "north": { "uv": [ 5.376, 14.001, 5.874, 14.749 ], "texture": "#gold" },
        "south": { "uv": [ 10.126, 14.001, 10.624, 14.749 ], "texture": "#gold" },
        "west":  { "uv": [ 8.626, 14.001, 8.999, 14.749 ], "texture": "#gold" },
        "east":  { "uv": [ 7.001, 14.001, 7.374, 14.749 ], "texture": "#gold" }
    }
},
{
    "__comment": "Guard",
    "from": [ 9.75, 1.625, 8.875 ],
    "to": [ 10.25, 2.25, 9.25 ],
    "faces": {
        "down":  { "uv": [ 6.249, 9.249, 5.751, 8.876 ], "texture": "#gold" },
        "up":    { "uv": [ 9.751, 8.876, 10.249, 9.249 ], "texture": "#gold" },
        "north": { "uv": [ 5.751, 13.751, 6.249, 14.374 ], "texture": "#gold" },
        "south": { "uv": [ 9.751, 13.751, 10.249, 14.374 ], "texture": "#gold" },
        "west":  { "uv": [ 8.876, 13.751, 9.249, 14.374 ], "texture": "#gold" },
        "east":  { "uv": [ 6.751, 13.751, 7.124, 14.374 ], "texture": "#gold" }
    }
},
{
    "__comment": "Guard",
    "from": [ 9.75, 1.625, 6.25 ],
    "to": [ 10.25, 2.25, 6.625 ],
    "faces": {
        "down":  { "uv": [ 6.249, 6.624, 5.751, 6.251 ], "texture": "#gold" },
        "up":    { "uv": [ 9.751, 6.251, 10.249, 6.624 ], "texture": "#gold" },
        "north": { "uv": [ 5.751, 13.751, 6.249, 14.374 ], "texture": "#gold" },
        "south": { "uv": [ 9.751, 13.751, 10.249, 14.374 ], "texture": "#gold" },
        "west":  { "uv": [ 6.251, 13.751, 6.624, 14.374 ], "texture": "#gold" },
        "east":  { "uv": [ 9.376, 13.751, 9.749, 14.374 ], "texture": "#gold" }
    }
},
{
    "__comment": "Guard",
    "from": [ 9, 1.875, 9 ],
    "to": [ 9.875, 2.375, 9.375 ],
    "faces": {
        "down":  { "uv": [ 6.999, 9.374, 6.126, 9.001 ], "texture": "#gold" },
        "up":    { "uv": [ 9.001, 9.001, 9.874, 9.374 ], "texture": "#gold" },
        "north": { "uv": [ 6.126, 13.626, 6.999, 14.124 ], "texture": "#gold" },
        "south": { "uv": [ 9.001, 13.626, 9.874, 14.124 ], "texture": "#gold" },
        "west":  { "uv": [ 9.001, 13.626, 9.374, 14.124 ], "texture": "#gold" },
        "east":  { "uv": [ 6.626, 13.626, 6.999, 14.124 ], "texture": "#gold" }
    }
},
{
    "__comment": "Guard",
    "from": [ 8, 2, 9.125 ],
    "to": [ 9.25, 2.5, 9.5 ],
    "faces": {
        "down":  { "uv": [ 7.999, 9.499, 6.751, 9.126 ], "texture": "#gold" },
        "up":    { "uv": [ 8.001, 9.126, 9.249, 9.499 ], "texture": "#gold" },
        "north": { "uv": [ 6.751, 13.501, 7.999, 13.999 ], "texture": "#gold" },
        "south": { "uv": [ 8.001, 13.501, 9.249, 13.999 ], "texture": "#gold" },
        "west":  { "uv": [ 9.126, 13.501, 9.499, 13.999 ], "texture": "#gold" },
        "east":  { "uv": [ 6.501, 13.501, 6.874, 13.999 ], "texture": "#gold" }
    }
},
{
    "__comment": "Guard*",
    "from": [ 9, 1.875, 6.125 ],
    "to": [ 9.875, 2.375, 6.5 ],
    "faces": {
        "down":  { "uv": [ 6.999, 6.499, 6.126, 6.126 ], "texture": "#gold" },
        "up":    { "uv": [ 9.001, 6.126, 9.874, 6.499 ], "texture": "#gold" },
        "north": { "uv": [ 6.126, 13.626, 6.999, 14.124 ], "texture": "#gold" },
        "south": { "uv": [ 9.001, 13.626, 9.874, 14.124 ], "texture": "#gold" },
        "west":  { "uv": [ 6.126, 13.626, 6.499, 14.124 ], "texture": "#gold" },
        "east":  { "uv": [ 9.501, 13.626, 9.874, 14.124 ], "texture": "#gold" }
    }
},
{
    "__comment": "Guard*",
    "from": [ 8, 2, 6 ],
    "to": [ 9.25, 2.5, 6.375 ],
    "faces": {
        "down":  { "uv": [ 7.999, 6.374, 6.751, 6.001 ], "texture": "#gold" },
        "up":    { "uv": [ 8.001, 6.001, 9.249, 6.374 ], "texture": "#gold" },
        "north": { "uv": [ 6.751, 13.501, 7.999, 13.999 ], "texture": "#gold" },
        "south": { "uv": [ 8.001, 13.501, 9.249, 13.999 ], "texture": "#gold" },
        "west":  { "uv": [ 6.001, 13.501, 6.374, 13.999 ], "texture": "#gold" },
        "east":  { "uv": [ 9.626, 13.501, 9.999, 13.999 ], "texture": "#gold" }
    }
},
{
    "__comment": "Guard*",
    "from": [ 7.375, 2.125, 9.125 ],
    "to": [ 8.125, 2.625, 9.5 ],
    "faces": {
        "down":  { "uv": [ 8.624, 9.499, 7.876, 9.126 ], "texture": "#gold" },
        "up":    { "uv": [ 7.376, 9.126, 8.124, 9.499 ], "texture": "#gold" },
        "north": { "uv": [ 7.876, 13.376, 8.624, 13.874 ], "texture": "#gold" },
        "south": { "uv": [ 7.376, 13.376, 8.124, 13.874 ], "texture": "#gold" },
        "west":  { "uv": [ 9.126, 13.376, 9.499, 13.874 ], "texture": "#gold" },
        "east":  { "uv": [ 6.501, 13.376, 6.874, 13.874 ], "texture": "#gold" }
    }
},
{
    "__comment": "Guard*",
    "from": [ 7.375, 2.125, 6 ],
    "to": [ 8.125, 2.625, 6.375 ],
    "faces": {
        "down":  { "uv": [ 8.624, 6.374, 7.876, 6.001 ], "texture": "#gold" },
        "up":    { "uv": [ 7.376, 6.001, 8.124, 6.374 ], "texture": "#gold" },
        "north": { "uv": [ 7.876, 13.376, 8.624, 13.874 ], "texture": "#gold" },
        "south": { "uv": [ 7.376, 13.376, 8.124, 13.874 ], "texture": "#gold" },
        "west":  { "uv": [ 6.001, 13.376, 6.374, 13.874 ], "texture": "#gold" },
        "east":  { "uv": [ 9.626, 13.376, 9.999, 13.874 ], "texture": "#gold" }
    }
},
{
    "__comment": "Guard*",
    "from": [ 7, 2.375, 9 ],
    "to": [ 7.75, 2.875, 9.375 ],
    "faces": {
        "down":  { "uv": [ 8.999, 9.374, 8.251, 9.001 ], "texture": "#gold" },
        "up":    { "uv": [ 7.001, 9.001, 7.749, 9.374 ], "texture": "#gold" },
        "north": { "uv": [ 8.251, 13.126, 8.999, 13.624 ], "texture": "#gold" },
        "south": { "uv": [ 7.001, 13.126, 7.749, 13.624 ], "texture": "#gold" },
        "west":  { "uv": [ 9.001, 13.126, 9.374, 13.624 ], "texture": "#gold" },
        "east":  { "uv": [ 6.626, 13.126, 6.999, 13.624 ], "texture": "#gold" }
    }
},
{
    "__comment": "Guard*",
    "from": [ 7, 2.375, 6.125 ],
    "to": [ 7.75, 2.875, 6.5 ],
    "faces": {
        "down":  { "uv": [ 8.999, 6.499, 8.251, 6.126 ], "texture": "#gold" },
        "up":    { "uv": [ 7.001, 6.126, 7.749, 6.499 ], "texture": "#gold" },
        "north": { "uv": [ 8.251, 13.126, 8.999, 13.624 ], "texture": "#gold" },
        "south": { "uv": [ 7.001, 13.126, 7.749, 13.624 ], "texture": "#gold" },
        "west":  { "uv": [ 6.126, 13.126, 6.499, 13.624 ], "texture": "#gold" },
        "east":  { "uv": [ 9.501, 13.126, 9.874, 13.624 ], "texture": "#gold" }
    }
},
{
    "__comment": "Guard*",
    "from": [ 6.875, 2.75, 8.75 ],
    "to": [ 7.5, 3.25, 9.125 ],
    "faces": {
        "down":  { "uv": [ 9.124, 9.124, 8.501, 8.751 ], "texture": "#gold" },
        "up":    { "uv": [ 6.876, 8.751, 7.499, 9.124 ], "texture": "#gold" },
        "north": { "uv": [ 8.501, 12.751, 9.124, 13.249 ], "texture": "#gold" },
        "south": { "uv": [ 6.876, 12.751, 7.499, 13.249 ], "texture": "#gold" },
        "west":  { "uv": [ 8.751, 12.751, 9.124, 13.249 ], "texture": "#gold" },
        "east":  { "uv": [ 6.876, 12.751, 7.249, 13.249 ], "texture": "#gold" }
    }
},
{
    "__comment": "Guard*",
    "from": [ 6.875, 2.75, 6.375 ],
    "to": [ 7.5, 3.25, 6.75 ],
    "faces": {
        "down":  { "uv": [ 9.124, 6.749, 8.501, 6.376 ], "texture": "#gold" },
        "up":    { "uv": [ 6.876, 6.376, 7.499, 6.749 ], "texture": "#gold" },
        "north": { "uv": [ 8.501, 12.751, 9.124, 13.249 ], "texture": "#gold" },
        "south": { "uv": [ 6.876, 12.751, 7.499, 13.249 ], "texture": "#gold" },
        "west":  { "uv": [ 6.376, 12.751, 6.749, 13.249 ], "texture": "#gold" },
        "east":  { "uv": [ 9.251, 12.751, 9.624, 13.249 ], "texture": "#gold" }
    }
},
{
    "__comment": "Guard*",
    "from": [ 7, 3.125, 8.5 ],
    "to": [ 7.625, 3.625, 8.875 ],
    "faces": {
        "down":  { "uv": [ 8.999, 8.874, 8.376, 8.501 ], "texture": "#gold" },
        "up":    { "uv": [ 7.001, 8.501, 7.624, 8.874 ], "texture": "#gold" },
        "north": { "uv": [ 8.376, 12.376, 8.999, 12.874 ], "texture": "#gold" },
        "south": { "uv": [ 7.001, 12.376, 7.624, 12.874 ], "texture": "#gold" },
        "west":  { "uv": [ 8.501, 12.376, 8.874, 12.874 ], "texture": "#gold" },
        "east":  { "uv": [ 7.126, 12.376, 7.499, 12.874 ], "texture": "#gold" }
    }
},
{
    "__comment": "Guard*",
    "from": [ 7, 3.125, 6.625 ],
    "to": [ 7.625, 3.625, 7 ],
    "faces": {
        "down":  { "uv": [ 8.999, 6.999, 8.376, 6.626 ], "texture": "#gold" },
        "up":    { "uv": [ 7.001, 6.626, 7.624, 6.999 ], "texture": "#gold" },
        "north": { "uv": [ 8.376, 12.376, 8.999, 12.874 ], "texture": "#gold" },
        "south": { "uv": [ 7.001, 12.376, 7.624, 12.874 ], "texture": "#gold" },
        "west":  { "uv": [ 6.626, 12.376, 6.999, 12.874 ], "texture": "#gold" },
        "east":  { "uv": [ 9.001, 12.376, 9.374, 12.874 ], "texture": "#gold" }
    }
},
{
    "__comment": "Guard*",
    "from": [ 7.375, 3.375, 8.375 ],
    "to": [ 8, 3.875, 8.75 ],
    "faces": {
        "down":  { "uv": [ 8.624, 8.749, 8.001, 8.376 ], "texture": "#gold" },
        "up":    { "uv": [ 7.376, 8.376, 7.999, 8.749 ], "texture": "#gold" },
        "north": { "uv": [ 8.001, 12.126, 8.624, 12.624 ], "texture": "#gold" },
        "south": { "uv": [ 7.376, 12.126, 7.999, 12.624 ], "texture": "#gold" },
        "west":  { "uv": [ 8.376, 12.126, 8.749, 12.624 ], "texture": "#gold" },
        "east":  { "uv": [ 7.251, 12.126, 7.624, 12.624 ], "texture": "#gold" }
    }
},
{
    "__comment": "Guard*",
    "from": [ 7.375, 3.375, 6.75 ],
    "to": [ 8, 3.875, 7.125 ],
    "faces": {
        "down":  { "uv": [ 8.624, 7.124, 8.001, 6.751 ], "texture": "#gold" },
        "up":    { "uv": [ 7.376, 6.751, 7.999, 7.124 ], "texture": "#gold" },
        "north": { "uv": [ 8.001, 12.126, 8.624, 12.624 ], "texture": "#gold" },
        "south": { "uv": [ 7.376, 12.126, 7.999, 12.624 ], "texture": "#gold" },
        "west":  { "uv": [ 6.751, 12.126, 7.124, 12.624 ], "texture": "#gold" },
        "east":  { "uv": [ 8.876, 12.126, 9.249, 12.624 ], "texture": "#gold" }
    }
},
{
    "__comment": "Guard*",
    "from": [ 7.75, 3.5, 8.125 ],
    "to": [ 8.375, 4, 8.5 ],
    "faces": {
        "down":  { "uv": [ 8.249, 8.499, 7.626, 8.126 ], "texture": "#gold" },
        "up":    { "uv": [ 7.751, 8.126, 8.374, 8.499 ], "texture": "#gold" },
        "north": { "uv": [ 7.626, 12.001, 8.249, 12.499 ], "texture": "#gold" },
        "south": { "uv": [ 7.751, 12.001, 8.374, 12.499 ], "texture": "#gold" },
        "west":  { "uv": [ 8.126, 12.001, 8.499, 12.499 ], "texture": "#gold" },
        "east":  { "uv": [ 7.501, 12.001, 7.874, 12.499 ], "texture": "#gold" }
    }
},
{
    "__comment": "Guard*",
    "from": [ 7.75, 3.5, 7 ],
    "to": [ 8.375, 4, 7.375 ],
    "faces": {
        "down":  { "uv": [ 8.249, 7.374, 7.626, 7.001 ], "texture": "#gold" },
        "up":    { "uv": [ 7.751, 7.001, 8.374, 7.374 ], "texture": "#gold" },
        "north": { "uv": [ 7.626, 12.001, 8.249, 12.499 ], "texture": "#gold" },
        "south": { "uv": [ 7.751, 12.001, 8.374, 12.499 ], "texture": "#gold" },
        "west":  { "uv": [ 7.001, 12.001, 7.374, 12.499 ], "texture": "#gold" },
        "east":  { "uv": [ 8.626, 12.001, 8.999, 12.499 ], "texture": "#gold" }
    }
},
{
    "__comment": "Guard*",
    "from": [ 8.25, 3.625, 8.125 ],
    "to": [ 8.875, 4.125, 8.5 ],
    "faces": {
        "down":  { "uv": [ 7.749, 8.499, 7.126, 8.126 ], "texture": "#gold" },
        "up":    { "uv": [ 8.251, 8.126, 8.874, 8.499 ], "texture": "#gold" },
        "north": { "uv": [ 7.126, 11.876, 7.749, 12.374 ], "texture": "#gold" },
        "south": { "uv": [ 8.251, 11.876, 8.874, 12.374 ], "texture": "#gold" },
        "west":  { "uv": [ 8.126, 11.876, 8.499, 12.374 ], "texture": "#gold" },
        "east":  { "uv": [ 7.501, 11.876, 7.874, 12.374 ], "texture": "#gold" }
    }
},
{
    "__comment": "Guard*",
    "from": [ 8.25, 3.625, 7 ],
    "to": [ 8.875, 4.125, 7.375 ],
    "faces": {
        "down":  { "uv": [ 7.749, 7.374, 7.126, 7.001 ], "texture": "#gold" },
        "up":    { "uv": [ 8.251, 7.001, 8.874, 7.374 ], "texture": "#gold" },
        "north": { "uv": [ 7.126, 11.876, 7.749, 12.374 ], "texture": "#gold" },
        "south": { "uv": [ 8.251, 11.876, 8.874, 12.374 ], "texture": "#gold" },
        "west":  { "uv": [ 7.001, 11.876, 7.374, 12.374 ], "texture": "#gold" },
        "east":  { "uv": [ 8.626, 11.876, 8.999, 12.374 ], "texture": "#gold" }
    }
},
{
    "__comment": "Guard*",
    "from": [ 8.75, 3.75, 7.25 ],
    "to": [ 9.125, 4.25, 8.25 ],
    "faces": {
        "down":  { "uv": [ 7.249, 8.249, 6.876, 7.251 ], "texture": "#gold" },
        "up":    { "uv": [ 8.751, 7.251, 9.124, 8.249 ], "texture": "#gold" },
        "north": { "uv": [ 6.876, 11.751, 7.249, 12.249 ], "texture": "#gold" },
        "south": { "uv": [ 8.751, 11.751, 9.124, 12.249 ], "texture": "#gold" },
        "west":  { "uv": [ 7.251, 11.751, 8.249, 12.249 ], "texture": "#gold" },
        "east":  { "uv": [ 7.751, 11.751, 8.749, 12.249 ], "texture": "#gold" }
    }
},
{
    "__comment": "Guard*",
    "from": [ 10.125, -0.125, 6.5 ],
    "to": [ 10.625, 0.375, 6.875 ],
    "faces": {
        "down":  { "uv": [ 5.874, 6.874, 5.376, 6.501 ], "texture": "#gold" },
        "up":    { "uv": [ 10.126, 6.501, 10.624, 6.874 ], "texture": "#gold" },
        "north": { "uv": [ 5.376, 15.626, 5.874, 15.999 ], "texture": "#gold" },
        "south": { "uv": [ 10.126, 15.626, 10.624, 15.999 ], "texture": "#gold" },
        "west":  { "uv": [ 6.501, 15.626, 6.874, 15.999 ], "texture": "#gold" },
        "east":  { "uv": [ 9.126, 15.626, 9.499, 15.999 ], "texture": "#gold" }
    }
},
{
    "__comment": "Guard*",
    "from": [ 9.625, 0.125, 6.25 ],
    "to": [ 10.25, 0.625, 6.625 ],
    "faces": {
        "down":  { "uv": [ 6.374, 6.624, 5.751, 6.251 ], "texture": "#gold" },
        "up":    { "uv": [ 9.626, 6.251, 10.249, 6.624 ], "texture": "#gold" },
        "north": { "uv": [ 5.751, 15.376, 6.374, 15.874 ], "texture": "#gold" },
        "south": { "uv": [ 9.626, 15.376, 10.249, 15.874 ], "texture": "#gold" },
        "west":  { "uv": [ 6.251, 15.376, 6.624, 15.874 ], "texture": "#gold" },
        "east":  { "uv": [ 9.376, 15.376, 9.749, 15.874 ], "texture": "#gold" }
    }
},
{
    "__comment": "Guard*",
    "from": [ 9.125, 0.375, 6 ],
    "to": [ 9.75, 0.875, 6.375 ],
    "faces": {
        "down":  { "uv": [ 6.874, 6.374, 6.251, 6.001 ], "texture": "#gold" },
        "up":    { "uv": [ 9.126, 6.001, 9.749, 6.374 ], "texture": "#gold" },
        "north": { "uv": [ 6.251, 15.126, 6.874, 15.624 ], "texture": "#gold" },
        "south": { "uv": [ 9.126, 15.126, 9.749, 15.624 ], "texture": "#gold" },
        "west":  { "uv": [ 6.001, 15.126, 6.374, 15.624 ], "texture": "#gold" },
        "east":  { "uv": [ 9.626, 15.126, 9.999, 15.624 ], "texture": "#gold" }
    }
},
{
    "__comment": "Guard*",
    "from": [ 8.125, 0.5, 5.875 ],
    "to": [ 9.125, 1, 6.25 ],
    "faces": {
        "down":  { "uv": [ 7.874, 6.249, 6.876, 5.876 ], "texture": "#gold" },
        "up":    { "uv": [ 8.126, 5.876, 9.124, 6.249 ], "texture": "#gold" },
        "north": { "uv": [ 6.876, 15.001, 7.874, 15.499 ], "texture": "#gold" },
        "south": { "uv": [ 8.126, 15.001, 9.124, 15.499 ], "texture": "#gold" },
        "west":  { "uv": [ 5.876, 15.001, 6.249, 15.499 ], "texture": "#gold" },
        "east":  { "uv": [ 9.751, 15.001, 10.124, 15.499 ], "texture": "#gold" }
    }
},
{
    "__comment": "Guard*",
    "from": [ 7.375, 0.625, 5.875 ],
    "to": [ 8.125, 1.125, 6.25 ],
    "faces": {
        "down":  { "uv": [ 8.624, 6.249, 7.876, 5.876 ], "texture": "#gold" },
        "up":    { "uv": [ 7.376, 5.876, 8.124, 6.249 ], "texture": "#gold" },
        "north": { "uv": [ 7.876, 14.876, 8.624, 15.374 ], "texture": "#gold" },
        "south": { "uv": [ 7.376, 14.876, 8.124, 15.374 ], "texture": "#gold" },
        "west":  { "uv": [ 5.876, 14.876, 6.249, 15.374 ], "texture": "#gold" },
        "east":  { "uv": [ 9.751, 14.876, 10.124, 15.374 ], "texture": "#gold" }
    }
},
{
    "__comment": "Guard*",
    "from": [ 7, 1, 5.875 ],
    "to": [ 7.75, 1.5, 6.25 ],
    "faces": {
        "down":  { "uv": [ 8.999, 6.249, 8.251, 5.876 ], "texture": "#gold" },
        "up":    { "uv": [ 7.001, 5.876, 7.749, 6.249 ], "texture": "#gold" },
        "north": { "uv": [ 8.251, 14.501, 8.999, 14.999 ], "texture": "#gold" },
        "south": { "uv": [ 7.001, 14.501, 7.749, 14.999 ], "texture": "#gold" },
        "west":  { "uv": [ 5.876, 14.501, 6.249, 14.999 ], "texture": "#gold" },
        "east":  { "uv": [ 9.751, 14.501, 10.124, 14.999 ], "texture": "#gold" }
    }
},
{
    "__comment": "Guard*",
    "from": [ 6.75, 1.5, 5.875 ],
    "to": [ 7.25, 2, 6.25 ],
    "faces": {
        "down":  { "uv": [ 9.249, 6.249, 8.751, 5.876 ], "texture": "#gold" },
        "up":    { "uv": [ 6.751, 5.876, 7.249, 6.249 ], "texture": "#gold" },
        "north": { "uv": [ 8.751, 14.001, 9.249, 14.499 ], "texture": "#gold" },
        "south": { "uv": [ 6.751, 14.001, 7.249, 14.499 ], "texture": "#gold" },
        "west":  { "uv": [ 5.876, 14.001, 6.249, 14.499 ], "texture": "#gold" },
        "east":  { "uv": [ 9.751, 14.001, 10.124, 14.499 ], "texture": "#gold" }
    }
},
{
    "__comment": "Guard*",
    "from": [ 6.5, 2, 6 ],
    "to": [ 7, 2.5, 6.375 ],
    "faces": {
        "down":  { "uv": [ 9.499, 6.374, 9.001, 6.001 ], "texture": "#gold" },
        "up":    { "uv": [ 6.501, 6.001, 6.999, 6.374 ], "texture": "#gold" },
        "north": { "uv": [ 9.001, 13.501, 9.499, 13.999 ], "texture": "#gold" },
        "south": { "uv": [ 6.501, 13.501, 6.999, 13.999 ], "texture": "#gold" },
        "west":  { "uv": [ 6.001, 13.501, 6.374, 13.999 ], "texture": "#gold" },
        "east":  { "uv": [ 9.626, 13.501, 9.999, 13.999 ], "texture": "#gold" }
    }
},
{
    "__comment": "Guard*",
    "from": [ 6.625, 2.5, 6 ],
    "to": [ 7.125, 2.875, 6.625 ],
    "faces": {
        "down":  { "uv": [ 9.374, 6.624, 8.876, 6.001 ], "texture": "#gold" },
        "up":    { "uv": [ 6.626, 6.001, 7.124, 6.624 ], "texture": "#gold" },
        "north": { "uv": [ 8.876, 13.126, 9.374, 13.499 ], "texture": "#gold" },
        "south": { "uv": [ 6.626, 13.126, 7.124, 13.499 ], "texture": "#gold" },
        "west":  { "uv": [ 6.001, 13.126, 6.624, 13.499 ], "texture": "#gold" },
        "east":  { "uv": [ 9.376, 13.126, 9.999, 13.499 ], "texture": "#gold" }
    }
},
{
    "__comment": "Guard*",
    "from": [ 10.125, -0.125, 8.5 ],
    "to": [ 10.625, 0.375, 8.875 ],
    "faces": {
        "down":  { "uv": [ 5.874, 8.874, 5.376, 8.501 ], "texture": "#gold" },
        "up":    { "uv": [ 10.126, 8.501, 10.624, 8.874 ], "texture": "#gold" },
        "north": { "uv": [ 5.376, 15.626, 5.874, 15.999 ], "texture": "#gold" },
        "south": { "uv": [ 10.126, 15.626, 10.624, 15.999 ], "texture": "#gold" },
        "west":  { "uv": [ 8.501, 15.626, 8.874, 15.999 ], "texture": "#gold" },
        "east":  { "uv": [ 7.126, 15.626, 7.499, 15.999 ], "texture": "#gold" }
    }
},
{
    "__comment": "Guard*",
    "from": [ 9.625, 0.125, 8.875 ],
    "to": [ 10.25, 0.625, 9.25 ],
    "faces": {
        "down":  { "uv": [ 6.374, 9.249, 5.751, 8.876 ], "texture": "#gold" },
        "up":    { "uv": [ 9.626, 8.876, 10.249, 9.249 ], "texture": "#gold" },
        "north": { "uv": [ 5.751, 15.376, 6.374, 15.874 ], "texture": "#gold" },
        "south": { "uv": [ 9.626, 15.376, 10.249, 15.874 ], "texture": "#gold" },
        "west":  { "uv": [ 8.876, 15.376, 9.249, 15.874 ], "texture": "#gold" },
        "east":  { "uv": [ 6.751, 15.376, 7.124, 15.874 ], "texture": "#gold" }
    }
},
{
    "__comment": "Guard*",
    "from": [ 9.125, 0.375, 9.125 ],
    "to": [ 9.75, 0.875, 9.5 ],
    "faces": {
        "down":  { "uv": [ 6.874, 9.499, 6.251, 9.126 ], "texture": "#gold" },
        "up":    { "uv": [ 9.126, 9.126, 9.749, 9.499 ], "texture": "#gold" },
        "north": { "uv": [ 6.251, 15.126, 6.874, 15.624 ], "texture": "#gold" },
        "south": { "uv": [ 9.126, 15.126, 9.749, 15.624 ], "texture": "#gold" },
        "west":  { "uv": [ 9.126, 15.126, 9.499, 15.624 ], "texture": "#gold" },
        "east":  { "uv": [ 6.501, 15.126, 6.874, 15.624 ], "texture": "#gold" }
    }
},
{
    "__comment": "Guard*",
    "from": [ 8.125, 0.5, 9.25 ],
    "to": [ 9.125, 1, 9.625 ],
    "faces": {
        "down":  { "uv": [ 7.874, 9.624, 6.876, 9.251 ], "texture": "#gold" },
        "up":    { "uv": [ 8.126, 9.251, 9.124, 9.624 ], "texture": "#gold" },
        "north": { "uv": [ 6.876, 15.001, 7.874, 15.499 ], "texture": "#gold" },
        "south": { "uv": [ 8.126, 15.001, 9.124, 15.499 ], "texture": "#gold" },
        "west":  { "uv": [ 9.251, 15.001, 9.624, 15.499 ], "texture": "#gold" },
        "east":  { "uv": [ 6.376, 15.001, 6.749, 15.499 ], "texture": "#gold" }
    }
},
{
    "__comment": "Guard*",
    "from": [ 7.375, 0.625, 9.25 ],
    "to": [ 8.125, 1.125, 9.625 ],
    "faces": {
        "down":  { "uv": [ 8.624, 9.624, 7.876, 9.251 ], "texture": "#gold" },
        "up":    { "uv": [ 7.376, 9.251, 8.124, 9.624 ], "texture": "#gold" },
        "north": { "uv": [ 7.876, 14.876, 8.624, 15.374 ], "texture": "#gold" },
        "south": { "uv": [ 7.376, 14.876, 8.124, 15.374 ], "texture": "#gold" },
        "west":  { "uv": [ 9.251, 14.876, 9.624, 15.374 ], "texture": "#gold" },
        "east":  { "uv": [ 6.376, 14.876, 6.749, 15.374 ], "texture": "#gold" }
    }
},
{
    "__comment": "Guard*",
    "from": [ 7, 1, 9.25 ],
    "to": [ 7.75, 1.5, 9.625 ],
    "faces": {
        "down":  { "uv": [ 8.999, 9.624, 8.251, 9.251 ], "texture": "#gold" },
        "up":    { "uv": [ 7.001, 9.251, 7.749, 9.624 ], "texture": "#gold" },
        "north": { "uv": [ 8.251, 14.501, 8.999, 14.999 ], "texture": "#gold" },
        "south": { "uv": [ 7.001, 14.501, 7.749, 14.999 ], "texture": "#gold" },
        "west":  { "uv": [ 9.251, 14.501, 9.624, 14.999 ], "texture": "#gold" },
        "east":  { "uv": [ 6.376, 14.501, 6.749, 14.999 ], "texture": "#gold" }
    }
},
{
    "__comment": "Guard*",
    "from": [ 6.75, 1.5, 9.25 ],
    "to": [ 7.25, 2, 9.625 ],
    "faces": {
        "down":  { "uv": [ 9.249, 9.624, 8.751, 9.251 ], "texture": "#gold" },
        "up":    { "uv": [ 6.751, 9.251, 7.249, 9.624 ], "texture": "#gold" },
        "north": { "uv": [ 8.751, 14.001, 9.249, 14.499 ], "texture": "#gold" },
        "south": { "uv": [ 6.751, 14.001, 7.249, 14.499 ], "texture": "#gold" },
        "west":  { "uv": [ 9.251, 14.001, 9.624, 14.499 ], "texture": "#gold" },
        "east":  { "uv": [ 6.376, 14.001, 6.749, 14.499 ], "texture": "#gold" }
    }
},
{
    "__comment": "Guard*",
    "from": [ 6.5, 2, 9.125 ],
    "to": [ 7, 2.5, 9.5 ],
    "faces": {
        "down":  { "uv": [ 9.499, 9.499, 9.001, 9.126 ], "texture": "#gold" },
        "up":    { "uv": [ 6.501, 9.126, 6.999, 9.499 ], "texture": "#gold" },
        "north": { "uv": [ 9.001, 13.501, 9.499, 13.999 ], "texture": "#gold" },
        "south": { "uv": [ 6.501, 13.501, 6.999, 13.999 ], "texture": "#gold" },
        "west":  { "uv": [ 9.126, 13.501, 9.499, 13.999 ], "texture": "#gold" },
        "east":  { "uv": [ 6.501, 13.501, 6.874, 13.999 ], "texture": "#gold" }
    }
},
{
    "__comment": "Guard*",
    "from": [ 6.625, 2.5, 8.875 ],
    "to": [ 7.125, 2.875, 9.5 ],
    "faces": {
        "down":  { "uv": [ 9.374, 9.499, 8.876, 8.876 ], "texture": "#gold" },
        "up":    { "uv": [ 6.626, 8.876, 7.124, 9.499 ], "texture": "#gold" },
        "north": { "uv": [ 8.876, 13.126, 9.374, 13.499 ], "texture": "#gold" },
        "south": { "uv": [ 6.626, 13.126, 7.124, 13.499 ], "texture": "#gold" },
        "west":  { "uv": [ 8.876, 13.126, 9.499, 13.499 ], "texture": "#gold" },
        "east":  { "uv": [ 6.501, 13.126, 7.124, 13.499 ], "texture": "#gold" }
    }
}
],
"display": {
    "thirdperson_righthand": {
        "rotation": [ 0, 90, 0 ],
        "translation": [ 0.94, 5.67, 1.7 ],
        "scale": [ 1, 1, 1 ]
    },
    "thirdperson_lefthand": {
        "rotation": [ 0, -90, 0 ],
        "translation": [ -0.94, 5.67, 1.7 ],
        "scale": [ 1, 1, 1 ]
    },
    "ground": {
        "rotation": [ 90, 0, 0 ],
        "translation": [ 0, 0, -2.83 ],
        "scale": [ 0.5, 0.5, 0.5 ]
    },
    "fixed": {
        "rotation": [ 0, 0, -45 ],
        "translation": [ -3.2, -2.8, 0 ],
        "scale": [ 0.7, 0.7, 0.7 ]
    },
    "firstperson_righthand": {
        "rotation": [ 0, 90, 0 ],
        "translation": [ 0, 4.35, 0 ],
        "scale": [ 0.45, 0.45, 0.45 ]
    },
    "firstperson_lefthand": {
        "rotation": [ 0, -90, 0 ],
        "translation": [ 0, 4.35, 0 ],
        "scale": [ 0.45, 0.45, 0.45 ]
    },
    "gui": {
        "rotation": [ 0, 180, -45 ],
        "translation": [ 2.65, -2.46, 0 ],
        "scale": [ 0.6, 0.6, 0.6 ]
    }
}
}