{
"__comment": "Designed by Zorigami - www.planetminecraft.com/member/zorigami/",
"textures": {
    "texture": "items/broadsword"
},
"elements": [ 
{
    "__comment": "Blade1",
    "from": [ 6.75, 3, 7.875 ],
    "to": [ 9.25, 19, 8.125 ],
    "faces": {
        "down":  { "uv": [ 0.001, 15.501, 2.499, 15.999 ], "texture": "#texture" },
        "up":    { "uv": [ 0.001, 0.001, 2.499, 0.499 ], "texture": "#texture" },
        "north": { "uv": [ 2.499, 0.001, 0.001, 15.999 ], "texture": "#texture" },
        "south": { "uv": [ 0.001, 0.001, 2.499, 15.999 ], "texture": "#texture" },
        "west":  { "uv": [ 0.001, 0.001, 0.499, 15.999 ], "texture": "#texture" },
        "east":  { "uv": [ 2.001, 0.001, 2.499, 15.999 ], "texture": "#texture" }
    }
},
{
    "__comment": "Blade1",
    "from": [ 7, 3, 7.625 ],
    "to": [ 7.75, 19, 8.375 ],
    "faces": {
        "down":  { "uv": [ 0.251, 15.501, 0.999, 15.999 ], "texture": "#texture" },
        "up":    { "uv": [ 0.251, 0.001, 0.999, 0.499 ], "texture": "#texture" },
        "north": { "uv": [ 0.999, 0.001, 0.251, 15.999 ], "texture": "#texture" },
        "south": { "uv": [ 0.251, 0.001, 0.999, 15.999 ], "texture": "#texture" },
        "west":  { "uv": [ 0.001, 0.001, 0.499, 15.999 ], "texture": "#texture" },
        "east":  { "uv": [ 0.501, 0.001, 0.999, 15.999 ], "texture": "#texture" }
    }
},
{
    "__comment": "Blade1",
    "from": [ 8.25, 3, 7.625 ],
    "to": [ 9, 19, 8.375 ],
    "faces": {
        "down":  { "uv": [ 1.501, 15.501, 2.249, 15.999 ], "texture": "#texture" },
        "up":    { "uv": [ 1.501, 0.001, 2.249, 0.499 ], "texture": "#texture" },
        "north": { "uv": [ 2.249, 0.001, 1.501, 15.999 ], "texture": "#texture" },
        "south": { "uv": [ 1.501, 0.001, 2.249, 15.999 ], "texture": "#texture" },
        "west":  { "uv": [ 1.501, 0.001, 1.999, 15.999 ], "texture": "#texture" },
        "east":  { "uv": [ 2.001, 0.001, 2.499, 15.999 ], "texture": "#texture" }
    }
},
{
    "__comment": "Blade2",
    "from": [ 6.75, 19, 7.875 ],
    "to": [ 9.25, 26.5, 8.125 ],
    "faces": {
        "down":  { "uv": [ 2.501, 15.501, 4.999, 15.999 ], "texture": "#texture" },
        "up":    { "uv": [ 2.501, 8.501, 4.999, 8.999 ], "texture": "#texture" },
        "north": { "uv": [ 4.999, 8.501, 2.501, 15.999 ], "texture": "#texture" },
        "south": { "uv": [ 2.501, 8.501, 4.999, 15.999 ], "texture": "#texture" },
        "west":  { "uv": [ 2.501, 8.501, 2.999, 15.999 ], "texture": "#texture" },
        "east":  { "uv": [ 4.501, 8.501, 4.999, 15.999 ], "texture": "#texture" }
    }
},
{
    "__comment": "Blade2",
    "from": [ 7, 19, 7.625 ],
    "to": [ 7.75, 26, 8.375 ],
    "faces": {
        "down":  { "uv": [ 2.751, 15.501, 3.499, 15.999 ], "texture": "#texture" },
        "up":    { "uv": [ 2.751, 9.001, 3.499, 9.499 ], "texture": "#texture" },
        "north": { "uv": [ 3.499, 9.001, 2.751, 15.999 ], "texture": "#texture" },
        "south": { "uv": [ 2.751, 9.001, 3.499, 15.999 ], "texture": "#texture" },
        "west":  { "uv": [ 2.501, 9.001, 2.999, 15.999 ], "texture": "#texture" },
        "east":  { "uv": [ 3.001, 9.001, 3.499, 15.999 ], "texture": "#texture" }
    }
},
{
    "__comment": "Blade2",
    "from": [ 8.25, 19, 7.625 ],
    "to": [ 9, 26, 8.375 ],
    "faces": {
        "down":  { "uv": [ 4.001, 15.501, 4.749, 15.999 ], "texture": "#texture" },
        "up":    { "uv": [ 4.001, 9.001, 4.749, 9.499 ], "texture": "#texture" },
        "north": { "uv": [ 4.749, 9.001, 4.001, 15.999 ], "texture": "#texture" },
        "south": { "uv": [ 4.001, 9.001, 4.749, 15.999 ], "texture": "#texture" },
        "west":  { "uv": [ 4.001, 9.001, 4.499, 15.999 ], "texture": "#texture" },
        "east":  { "uv": [ 4.501, 9.001, 4.999, 15.999 ], "texture": "#texture" }
    }
},
{
    "__comment": "Blade2",
    "from": [ 7.25, 26.5, 7.875 ],
    "to": [ 8.75, 28.5, 8.125 ],
    "faces": {
        "down":  { "uv": [ 3.001, 8.001, 4.499, 8.499 ], "texture": "#texture" },
        "up":    { "uv": [ 3.001, 6.501, 4.499, 6.999 ], "texture": "#texture" },
        "north": { "uv": [ 4.499, 6.501, 3.001, 8.499 ], "texture": "#texture" },
        "south": { "uv": [ 3.001, 6.501, 4.499, 8.499 ], "texture": "#texture" },
        "west":  { "uv": [ 3.001, 6.501, 3.499, 8.499 ], "texture": "#texture" },
        "east":  { "uv": [ 4.001, 6.501, 4.499, 8.499 ], "texture": "#texture" }
    }
},
{
    "__comment": "Blade2",
    "from": [ 7.75, 25.5, 7.625 ],
    "to": [ 8.25, 28.25, 8.375 ],
    "faces": {
        "down":  { "uv": [ 3.501, 9.001, 3.999, 9.499 ], "texture": "#texture" },
        "up":    { "uv": [ 3.501, 6.501, 3.999, 6.999 ], "texture": "#texture" },
        "north": { "uv": [ 3.999, 6.751, 3.501, 9.499 ], "texture": "#texture" },
        "south": { "uv": [ 3.501, 6.751, 3.999, 9.499 ], "texture": "#texture" },
        "west":  { "uv": [ 3.501, 6.751, 3.999, 9.499 ], "texture": "#texture" },
        "east":  { "uv": [ 3.501, 6.751, 3.999, 9.499 ], "texture": "#texture" }
    }
},
{
    "__comment": "Blade2",
    "from": [ 7.75, 28.5, 7.875 ],
    "to": [ 8.25, 29.5, 8.125 ],
    "faces": {
        "down":  { "uv": [ 3.501, 6.001, 3.999, 6.499 ], "texture": "#texture" },
        "up":    { "uv": [ 3.501, 5.501, 3.999, 5.999 ], "texture": "#texture" },
        "north": { "uv": [ 3.999, 5.501, 3.501, 6.499 ], "texture": "#texture" },
        "south": { "uv": [ 3.501, 5.501, 3.999, 6.499 ], "texture": "#texture" },
        "west":  { "uv": [ 3.501, 5.501, 3.999, 6.499 ], "texture": "#texture" },
        "east":  { "uv": [ 3.501, 5.501, 3.999, 6.499 ], "texture": "#texture" }
    }
},
{
    "__comment": "Blade2",
    "from": [ 7.25, 26, 7.625 ],
    "to": [ 8.75, 26.5, 8.375 ],
    "faces": {
        "down":  { "uv": [ 3.001, 8.501, 4.499, 8.999 ], "texture": "#texture" },
        "up":    { "uv": [ 3.001, 8.501, 4.499, 8.999 ], "texture": "#texture" },
        "north": { "uv": [ 4.499, 8.501, 3.001, 8.999 ], "texture": "#texture" },
        "south": { "uv": [ 3.001, 8.501, 4.499, 8.999 ], "texture": "#texture" },
        "west":  { "uv": [ 3.001, 8.501, 3.499, 8.999 ], "texture": "#texture" },
        "east":  { "uv": [ 4.001, 8.501, 4.499, 8.999 ], "texture": "#texture" }
    }
},
{
    "__comment": "Blade2",
    "from": [ 7.5, 26.5, 7.625 ],
    "to": [ 8.5, 27, 8.375 ],
    "faces": {
        "down":  { "uv": [ 3.251, 8.001, 4.249, 8.499 ], "texture": "#texture" },
        "up":    { "uv": [ 3.251, 8.001, 4.249, 8.499 ], "texture": "#texture" },
        "north": { "uv": [ 4.249, 8.001, 3.251, 8.499 ], "texture": "#texture" },
        "south": { "uv": [ 3.251, 8.001, 4.249, 8.499 ], "texture": "#texture" },
        "west":  { "uv": [ 3.251, 8.001, 3.749, 8.499 ], "texture": "#texture" },
        "east":  { "uv": [ 3.751, 8.001, 4.249, 8.499 ], "texture": "#texture" }
    }
},
{
    "__comment": "Hilt",
    "from": [ 5.75, 2.5, 7.5 ],
    "to": [ 10.25, 3, 8.5 ],
    "faces": {
        "down":  { "uv": [ 6.501, 8.001, 10.999, 8.499 ], "texture": "#texture" },
        "up":    { "uv": [ 6.501, 8.001, 10.999, 8.499 ], "texture": "#texture" },
        "north": { "uv": [ 10.999, 8.001, 6.501, 8.499 ], "texture": "#texture" },
        "south": { "uv": [ 6.501, 8.001, 10.999, 8.499 ], "texture": "#texture" },
        "west":  { "uv": [ 6.501, 8.001, 6.999, 8.499 ], "texture": "#texture" },
        "east":  { "uv": [ 10.501, 8.001, 10.999, 8.499 ], "texture": "#texture" }
    }
},
{
    "__comment": "Hilt",
    "from": [ 7.25, 3, 7.5 ],
    "to": [ 8.75, 3.5, 8.5 ],
    "faces": {
        "down":  { "uv": [ 8.001, 7.501, 9.499, 7.999 ], "texture": "#texture" },
        "up":    { "uv": [ 8.001, 7.501, 9.499, 7.999 ], "texture": "#texture" },
        "north": { "uv": [ 9.499, 7.501, 8.001, 7.999 ], "texture": "#texture" },
        "south": { "uv": [ 8.001, 7.501, 9.499, 7.999 ], "texture": "#texture" },
        "west":  { "uv": [ 8.001, 7.501, 8.499, 7.999 ], "texture": "#texture" },
        "east":  { "uv": [ 9.001, 7.501, 9.499, 7.999 ], "texture": "#texture" }
    }
},
{
    "__comment": "Hilt",
    "from": [ 7.75, 3.5, 7.5 ],
    "to": [ 8.25, 4, 8.5 ],
    "faces": {
        "down":  { "uv": [ 8.501, 7.001, 8.999, 7.499 ], "texture": "#texture" },
        "up":    { "uv": [ 8.501, 7.001, 8.999, 7.499 ], "texture": "#texture" },
        "north": { "uv": [ 8.999, 7.001, 8.501, 7.499 ], "texture": "#texture" },
        "south": { "uv": [ 8.501, 7.001, 8.999, 7.499 ], "texture": "#texture" },
        "west":  { "uv": [ 8.501, 7.001, 8.999, 7.499 ], "texture": "#texture" },
        "east":  { "uv": [ 8.501, 7.001, 8.999, 7.499 ], "texture": "#texture" }
    }
},
{
    "__comment": "Hilt",
    "from": [ 5.25, 2, 7.5 ],
    "to": [ 10.75, 2.5, 8.5 ],
    "faces": {
        "down":  { "uv": [ 6.001, 8.501, 11.499, 8.999 ], "texture": "#texture" },
        "up":    { "uv": [ 6.001, 8.501, 11.499, 8.999 ], "texture": "#texture" },
        "north": { "uv": [ 11.499, 8.501, 6.001, 8.999 ], "texture": "#texture" },
        "south": { "uv": [ 6.001, 8.501, 11.499, 8.999 ], "texture": "#texture" },
        "west":  { "uv": [ 6.001, 8.501, 6.499, 8.999 ], "texture": "#texture" },
        "east":  { "uv": [ 11.001, 8.501, 11.499, 8.999 ], "texture": "#texture" }
    }
},
{
    "__comment": "Hilt",
    "from": [ 4.75, 2, 7.75 ],
    "to": [ 11.25, 3, 8.25 ],
    "faces": {
        "down":  { "uv": [ 5.501, 8.501, 11.999, 8.999 ], "texture": "#texture" },
        "up":    { "uv": [ 5.501, 8.001, 11.999, 8.499 ], "texture": "#texture" },
        "north": { "uv": [ 11.999, 8.001, 5.501, 8.999 ], "texture": "#texture" },
        "south": { "uv": [ 5.501, 8.001, 11.999, 8.999 ], "texture": "#texture" },
        "west":  { "uv": [ 5.501, 8.001, 5.999, 8.999 ], "texture": "#texture" },
        "east":  { "uv": [ 11.501, 8.001, 11.999, 8.999 ], "texture": "#texture" }
    }
},
{
    "__comment": "Hilt",
    "from": [ 10.25, 3, 7.875 ],
    "to": [ 11.75, 3.5, 8.125 ],
    "faces": {
        "down":  { "uv": [ 11.001, 7.501, 12.499, 7.999 ], "texture": "#texture" },
        "up":    { "uv": [ 11.001, 7.501, 12.499, 7.999 ], "texture": "#texture" },
        "north": { "uv": [ 12.499, 7.501, 11.001, 7.999 ], "texture": "#texture" },
        "south": { "uv": [ 11.001, 7.501, 12.499, 7.999 ], "texture": "#texture" },
        "west":  { "uv": [ 11.001, 7.501, 11.499, 7.999 ], "texture": "#texture" },
        "east":  { "uv": [ 12.001, 7.501, 12.499, 7.999 ], "texture": "#texture" }
    }
},
{
    "__comment": "Hilt",
    "from": [ 4.25, 3, 7.875 ],
    "to": [ 5.75, 3.5, 8.125 ],
    "faces": {
        "down":  { "uv": [ 5.001, 7.501, 6.499, 7.999 ], "texture": "#texture" },
        "up":    { "uv": [ 5.001, 7.501, 6.499, 7.999 ], "texture": "#texture" },
        "north": { "uv": [ 6.499, 7.501, 5.001, 7.999 ], "texture": "#texture" },
        "south": { "uv": [ 5.001, 7.501, 6.499, 7.999 ], "texture": "#texture" },
        "west":  { "uv": [ 5.001, 7.501, 5.499, 7.999 ], "texture": "#texture" },
        "east":  { "uv": [ 6.001, 7.501, 6.499, 7.999 ], "texture": "#texture" }
    }
},
{
    "__comment": "Hilt",
    "from": [ 6.25, 1.5, 7.75 ],
    "to": [ 9.75, 2, 8.25 ],
    "faces": {
        "down":  { "uv": [ 7.001, 9.001, 10.499, 9.499 ], "texture": "#texture" },
        "up":    { "uv": [ 7.001, 9.001, 10.499, 9.499 ], "texture": "#texture" },
        "north": { "uv": [ 10.499, 9.001, 7.001, 9.499 ], "texture": "#texture" },
        "south": { "uv": [ 7.001, 9.001, 10.499, 9.499 ], "texture": "#texture" },
        "west":  { "uv": [ 7.001, 9.001, 7.499, 9.499 ], "texture": "#texture" },
        "east":  { "uv": [ 10.001, 9.001, 10.499, 9.499 ], "texture": "#texture" }
    }
},
{
    "__comment": "Handle",
    "from": [ 7.25, -3, 7.75 ],
    "to": [ 8.75, 1.5, 8.25 ],
    "faces": {
        "down":  { "uv": [ 8.001, 13.501, 9.499, 13.999 ], "texture": "#texture" },
        "up":    { "uv": [ 8.001, 9.501, 9.499, 9.999 ], "texture": "#texture" },
        "north": { "uv": [ 9.499, 9.501, 8.001, 13.999 ], "texture": "#texture" },
        "south": { "uv": [ 8.001, 9.501, 9.499, 13.999 ], "texture": "#texture" },
        "west":  { "uv": [ 8.001, 9.501, 8.499, 13.999 ], "texture": "#texture" },
        "east":  { "uv": [ 9.001, 9.501, 9.499, 13.999 ], "texture": "#texture" }
    }
},
{
    "__comment": "Hilt",
    "from": [ 6.75, 1.5, 7.5 ],
    "to": [ 9.25, 2, 8.5 ],
    "faces": {
        "down":  { "uv": [ 7.501, 9.001, 9.999, 9.499 ], "texture": "#texture" },
        "up":    { "uv": [ 7.501, 9.001, 9.999, 9.499 ], "texture": "#texture" },
        "north": { "uv": [ 9.999, 9.001, 7.501, 9.499 ], "texture": "#texture" },
        "south": { "uv": [ 7.501, 9.001, 9.999, 9.499 ], "texture": "#texture" },
        "west":  { "uv": [ 7.501, 9.001, 7.999, 9.499 ], "texture": "#texture" },
        "east":  { "uv": [ 9.501, 9.001, 9.999, 9.499 ], "texture": "#texture" }
    }
},
{
    "__comment": "Hilt",
    "from": [ 6.75, 2, 7.25 ],
    "to": [ 9.25, 3, 8.75 ],
    "faces": {
        "down":  { "uv": [ 7.501, 8.501, 9.999, 8.999 ], "texture": "#texture" },
        "up":    { "uv": [ 7.501, 8.001, 9.999, 8.499 ], "texture": "#texture" },
        "north": { "uv": [ 9.999, 8.001, 7.501, 8.999 ], "texture": "#texture" },
        "south": { "uv": [ 7.501, 8.001, 9.999, 8.999 ], "texture": "#texture" },
        "west":  { "uv": [ 7.501, 8.001, 7.999, 8.999 ], "texture": "#texture" },
        "east":  { "uv": [ 9.501, 8.001, 9.999, 8.999 ], "texture": "#texture" }
    }
},
{
    "__comment": "Hilt",
    "from": [ 7.25, 1.5, 7.25 ],
    "to": [ 8.75, 2, 8.75 ],
    "faces": {
        "down":  { "uv": [ 8.001, 9.001, 9.499, 9.499 ], "texture": "#texture" },
        "up":    { "uv": [ 8.001, 9.001, 9.499, 9.499 ], "texture": "#texture" },
        "north": { "uv": [ 9.499, 9.001, 8.001, 9.499 ], "texture": "#texture" },
        "south": { "uv": [ 8.001, 9.001, 9.499, 9.499 ], "texture": "#texture" },
        "west":  { "uv": [ 8.001, 9.001, 8.499, 9.499 ], "texture": "#texture" },
        "east":  { "uv": [ 9.001, 9.001, 9.499, 9.499 ], "texture": "#texture" }
    }
},
{
    "__comment": "Handle",
    "from": [ 7.5, -3, 7.5 ],
    "to": [ 8.5, 1.5, 8.5 ],
    "faces": {
        "down":  { "uv": [ 8.251, 13.501, 9.249, 13.999 ], "texture": "#texture" },
        "up":    { "uv": [ 8.251, 9.501, 9.249, 9.999 ], "texture": "#texture" },
        "north": { "uv": [ 9.249, 9.501, 8.251, 13.999 ], "texture": "#texture" },
        "south": { "uv": [ 8.251, 9.501, 9.249, 13.999 ], "texture": "#texture" },
        "west":  { "uv": [ 8.001, 9.501, 8.499, 13.999 ], "texture": "#texture" },
        "east":  { "uv": [ 9.001, 9.501, 9.499, 13.999 ], "texture": "#texture" }
    }
},
{
    "__comment": "Hilt",
    "from": [ 7.25, -3.5, 7.25 ],
    "to": [ 8.75, -3, 8.75 ],
    "faces": {
        "down":  { "uv": [ 8.001, 14.001, 9.499, 14.499 ], "texture": "#texture" },
        "up":    { "uv": [ 8.001, 14.001, 9.499, 14.499 ], "texture": "#texture" },
        "north": { "uv": [ 9.499, 14.001, 8.001, 14.499 ], "texture": "#texture" },
        "south": { "uv": [ 8.001, 14.001, 9.499, 14.499 ], "texture": "#texture" },
        "west":  { "uv": [ 8.001, 14.001, 8.499, 14.499 ], "texture": "#texture" },
        "east":  { "uv": [ 9.001, 14.001, 9.499, 14.499 ], "texture": "#texture" }
    }
},
{
    "__comment": "Hilt",
    "from": [ 6.75, -3.5, 7.75 ],
    "to": [ 9.25, -3, 8.25 ],
    "faces": {
        "down":  { "uv": [ 7.501, 14.001, 9.999, 14.499 ], "texture": "#texture" },
        "up":    { "uv": [ 7.501, 14.001, 9.999, 14.499 ], "texture": "#texture" },
        "north": { "uv": [ 9.999, 14.001, 7.501, 14.499 ], "texture": "#texture" },
        "south": { "uv": [ 7.501, 14.001, 9.999, 14.499 ], "texture": "#texture" },
        "west":  { "uv": [ 7.501, 14.001, 7.999, 14.499 ], "texture": "#texture" },
        "east":  { "uv": [ 9.501, 14.001, 9.999, 14.499 ], "texture": "#texture" }
    }
},
{
    "__comment": "Hilt",
    "from": [ 7.25, -4, 7.5 ],
    "to": [ 8.75, -3.5, 8.5 ],
    "faces": {
        "down":  { "uv": [ 8.001, 14.501, 9.499, 14.999 ], "texture": "#texture" },
        "up":    { "uv": [ 8.001, 14.501, 9.499, 14.999 ], "texture": "#texture" },
        "north": { "uv": [ 9.499, 14.501, 8.001, 14.999 ], "texture": "#texture" },
        "south": { "uv": [ 8.001, 14.501, 9.499, 14.999 ], "texture": "#texture" },
        "west":  { "uv": [ 8.001, 14.501, 8.499, 14.999 ], "texture": "#texture" },
        "east":  { "uv": [ 9.001, 14.501, 9.499, 14.999 ], "texture": "#texture" }
    }
},
{
    "__comment": "Hilt",
    "from": [ 7.75, -5, 7.75 ],
    "to": [ 8.25, -4, 8.25 ],
    "faces": {
        "down":  { "uv": [ 8.501, 15.501, 8.999, 15.999 ], "texture": "#texture" },
        "up":    { "uv": [ 8.501, 15.001, 8.999, 15.499 ], "texture": "#texture" },
        "north": { "uv": [ 8.999, 15.001, 8.501, 15.999 ], "texture": "#texture" },
        "south": { "uv": [ 8.501, 15.001, 8.999, 15.999 ], "texture": "#texture" },
        "west":  { "uv": [ 8.501, 15.001, 8.999, 15.999 ], "texture": "#texture" },
        "east":  { "uv": [ 8.501, 15.001, 8.999, 15.999 ], "texture": "#texture" }
    }
}
],
"display": {
    "thirdperson_righthand": {
        "rotation": [ 0, -90, 0 ],
        "translation": [ 0, 6.43, 1.7 ],
        "scale": [ 1, 1, 1 ]
    },
    "thirdperson_lefthand": {
        "rotation": [ 0, 90, 0 ],
        "translation": [ 0, 6.43, 1.7 ],
        "scale": [ 1, 1, 1 ]
    },
    "ground": {
        "rotation": [ 90, 0, 0 ],
        "translation": [ 0, 0, -1.7 ],
        "scale": [ 0.45, 0.45, 0.45 ]
    },
    "fixed": {
        "rotation": [ 0, 0, -45 ],
        "translation": [ -2.4, -2.4, 0 ],
        "scale": [ 0.75, 0.75, 0.75 ]
    },
    "firstperson_righthand": {
        "rotation": [ 0, -90, 0 ],
        "translation": [ 0, 4.16, 0 ],
        "scale": [ 0.5, 0.5, 0.5 ]
    },
    "firstperson_lefthand": {
        "rotation": [ 0, 90, 0 ],
        "translation": [ 0, 4.16, 0 ],
        "scale": [ 0.5, 0.5, 0.5 ]
    },
    "gui": {
        "rotation": [ 0, 180, -45 ],
        "translation": [ 1.7, -1.7, 0 ],
        "scale": [ 0.6, 0.6, 0.6 ]
    }
}
}